Price,Year,Month,Day
281,2000,1,4
283.2,2000,1,5
281.4,2000,1,6
281.9,2000,1,7
281.7,2000,1,10
283.4,2000,1,11
282.7,2000,1,12
284.1,2000,1,13
283.9,2000,1,14
288.6,2000,1,18
289.8,2000,1,19
288.8,2000,1,20
289.3,2000,1,21
288,2000,1,24
286.3,2000,1,25
286.3,2000,1,26
287.1,2000,1,27
287.1,2000,1,28
283,2000,1,31
282.3,2000,2,1
283.5,2000,2,2
284.3,2000,2,3
289.3,2000,2,4
313,2000,2,7
303.9,2000,2,8
295,2000,2,9
307.9,2000,2,10
314,2000,2,11
311,2000,2,14
307.5,2000,2,15
302.3,2000,2,16
307,2000,2,17
306,2000,2,18
304,2000,2,22
303,2000,2,23
302.2,2000,2,24
297.8,2000,2,25
292.3,2000,2,28
292.4,2000,2,29
291.5,2000,3,1
288.2,2000,3,2
288.8,2000,3,3
287.9,2000,3,6
292.2,2000,3,7
288.9,2000,3,8
291.2,2000,3,9
288.6,2000,3,10
290.1,2000,3,13
288.3,2000,3,14
288.7,2000,3,15
286.1,2000,3,16
284.1,2000,3,17
285.6,2000,3,20
289.8,2000,3,21
287.8,2000,3,22
284.9,2000,3,23
284.7,2000,3,24
280.1,2000,3,27
279.2,2000,3,28
275.8,2000,3,29
275,2000,3,30
275.5,2000,3,31
278.4,2000,4,3
278.1,2000,4,4
284,2000,4,5
278.5,2000,4,6
280,2000,4,7
282.7,2000,4,10
282.9,2000,4,11
279.2,2000,4,12
280.5,2000,4,13
284.8,2000,4,14
283.2,2000,4,17
281,2000,4,18
281.3,2000,4,19
280,2000,4,20
280.9,2000,4,24
280.2,2000,4,25
277.5,2000,4,26
276.8,2000,4,27
273.1,2000,4,28
273.2,2000,5,1
275.4,2000,5,2
277.5,2000,5,3
279.6,2000,5,4
278.5,2000,5,5
276.4,2000,5,8
277,2000,5,9
277.7,2000,5,10
275.6,2000,5,11
276,2000,5,12
275.6,2000,5,15
275.5,2000,5,16
272.7,2000,5,17
273,2000,5,18
274.1,2000,5,19
275.8,2000,5,22
274.4,2000,5,23
273.5,2000,5,24
270.5,2000,5,25
272.2,2000,5,26
272.3,2000,5,30
272,2000,5,31
272,2000,6,1
275,2000,6,2
282.5,2000,6,5
286,2000,6,6
287.3,2000,6,7
286,2000,6,8
275.5,2000,6,9
284.5,2000,6,12
287.5,2000,6,13
290.3,2000,6,14
288,2000,6,15
291.5,2000,6,16
288,2000,6,19
285,2000,6,20
286.5,2000,6,21
288,2000,6,22
282.7,2000,6,23
284,2000,6,26
285.6,2000,6,27
292.5,2000,6,28
289.3,2000,6,29
290.1,2000,6,30
283.9,2000,7,5
283.2,2000,7,6
283.2,2000,7,7
283.6,2000,7,10
282.2,2000,7,11
280.4,2000,7,12
280,2000,7,13
281.1,2000,7,14
283.4,2000,7,17
282.5,2000,7,18
279,2000,7,19
279.8,2000,7,20
280.1,2000,7,21
278.8,2000,7,24
278.9,2000,7,25
279.4,2000,7,26
278.6,2000,7,27
278.5,2000,7,28
277.6,2000,7,31
276,2000,8,1
276.5,2000,8,2
275.3,2000,8,3
273,2000,8,4
273.5,2000,8,7
273.3,2000,8,8
271.5,2000,8,9
271.5,2000,8,10
273.2,2000,8,11
274.5,2000,8,14
274.4,2000,8,15
276.4,2000,8,16
277.8,2000,8,17
276,2000,8,18
275.5,2000,8,21
272.5,2000,8,22
271,2000,8,23
272.6,2000,8,24
272.8,2000,8,25
274,2000,8,28
273.5,2000,8,29
273.9,2000,8,30
274.8,2000,8,31
277,2000,9,1
275.8,2000,9,5
274.2,2000,9,6
274,2000,9,7
273.3,2000,9,8
273.1,2000,9,11
272.9,2000,9,12
272.8,2000,9,13
272.4,2000,9,14
272.3,2000,9,15
271.4,2000,9,18
271.9,2000,9,19
269,2000,9,20
270.3,2000,9,21
271.8,2000,9,22
274.1,2000,9,25
273.9,2000,9,26
278.4,2000,9,27
277.5,2000,9,28
274.6,2000,9,29
272.8,2000,10,2
272.1,2000,10,3
270.5,2000,10,4
270.3,2000,10,5
269.8,2000,10,6
269.1,2000,10,9
272.4,2000,10,10
272.5,2000,10,11
274,2000,10,12
274.2,2000,10,13
271.5,2000,10,16
271.1,2000,10,17
270.3,2000,10,18
270.1,2000,10,19
271.2,2000,10,20
271.7,2000,10,23
269.8,2000,10,24
267.1,2000,10,25
266,2000,10,26
265.5,2000,10,27
264.3,2000,10,30
264.5,2000,10,31
263.9,2000,11,1
264.4,2000,11,2
264.6,2000,11,3
264.5,2000,11,6
264.3,2000,11,7
265,2000,11,8
265.8,2000,11,9
264.5,2000,11,10
264.3,2000,11,13
264.9,2000,11,14
265.1,2000,11,15
265.8,2000,11,16
265.2,2000,11,17
266.3,2000,11,20
265.7,2000,11,21
266.3,2000,11,22
270.1,2000,11,27
269.8,2000,11,28
269.6,2000,11,29
266.4,2000,11,30
269.7,2000,12,1
271,2000,12,4
270.9,2000,12,5
271,2000,12,6
274.3,2000,12,7
272.7,2000,12,8
270.7,2000,12,11
270.3,2000,12,12
270,2000,12,13
268.6,2000,12,14
269.2,2000,12,15
270,2000,12,18
269.7,2000,12,19
272,2000,12,20
273,2000,12,21
274,2000,12,22
273.2,2000,12,26
274.5,2000,12,27
273.2,2000,12,28
272,2000,12,29
268.4,2001,1,2
268,2001,1,3
267.3,2001,1,4
268,2001,1,5
268,2001,1,8
267.5,2001,1,9
264.7,2001,1,10
264,2001,1,11
263.9,2001,1,12
263.3,2001,1,16
263.2,2001,1,17
264.2,2001,1,18
264.3,2001,1,19
266.4,2001,1,22
266.1,2001,1,23
264.3,2001,1,24
264.5,2001,1,25
262.8,2001,1,26
262.8,2001,1,29
262.9,2001,1,30
265.2,2001,1,31
266.3,2001,2,1
268,2001,2,2
265.1,2001,2,5
263.9,2001,2,6
262.8,2001,2,7
263.5,2001,2,8
260.5,2001,2,9
262.5,2001,2,12
261,2001,2,13
260,2001,2,14
259.5,2001,2,15
255,2001,2,16
255,2001,2,20
256.7,2001,2,21
258.5,2001,2,22
260,2001,2,23
262,2001,2,26
267,2001,2,27
266.8,2001,2,28
265.2,2001,3,1
262.1,2001,3,2
262.5,2001,3,5
260,2001,3,6
259,2001,3,7
265.4,2001,3,8
270.8,2001,3,9
271.6,2001,3,12
266.8,2001,3,13
262.5,2001,3,14
260,2001,3,15
257,2001,3,16
259.8,2001,3,19
260.5,2001,3,20
261.9,2001,3,21
261.1,2001,3,22
261.5,2001,3,23
261.9,2001,3,26
261,2001,3,27
259.7,2001,3,28
259.7,2001,3,29
258.8,2001,3,30
257.2,2001,4,2
255.5,2001,4,3
258.3,2001,4,4
259.1,2001,4,5
259.5,2001,4,6
260.5,2001,4,9
258.3,2001,4,10
257.7,2001,4,11
259,2001,4,12
260.5,2001,4,16
260.5,2001,4,17
260,2001,4,18
263,2001,4,19
264.8,2001,4,20
263.6,2001,4,23
265,2001,4,24
263.5,2001,4,25
264.4,2001,4,26
263.9,2001,4,27
264,2001,4,30
264.4,2001,5,1
265.4,2001,5,2
266.3,2001,5,3
266.1,2001,5,4
266.1,2001,5,7
265.1,2001,5,8
270,2001,5,9
269.1,2001,5,10
267.9,2001,5,11
268.3,2001,5,14
268.1,2001,5,15
272,2001,5,16
273.6,2001,5,17
287.4,2001,5,18
285.4,2001,5,21
285.1,2001,5,22
283.6,2001,5,23
279.1,2001,5,24
277.9,2001,5,25
273.8,2001,5,29
274.4,2001,5,30
265.1,2001,5,31
264.7,2001,6,1
265.4,2001,6,5
266.7,2001,6,6
266.3,2001,6,7
266.2,2001,6,8
271.1,2001,6,11
270,2001,6,12
271.9,2001,6,13
272,2001,6,14
274.3,2001,6,15
272,2001,6,18
273,2001,6,19
272.7,2001,6,20
271.8,2001,6,21
273.6,2001,6,22
271.3,2001,6,25
274,2001,6,26
275.7,2001,6,27
269.3,2001,6,28
270.6,2001,6,29
269.4,2001,7,2
267.6,2001,7,3
263.7,2001,7,5
265.9,2001,7,6
266.5,2001,7,9
266.2,2001,7,10
268.3,2001,7,11
266.6,2001,7,12
267.1,2001,7,13
266.9,2001,7,16
268.1,2001,7,17
270.4,2001,7,18
269.4,2001,7,19
269.9,2001,7,20
268.8,2001,7,23
269.7,2001,7,24
267.7,2001,7,25
266.2,2001,7,26
267.4,2001,7,27
267.3,2001,7,30
264.8,2001,7,31
266.2,2001,8,1
267,2001,8,2
267,2001,8,3
267.1,2001,8,6
267,2001,8,7
266.1,2001,8,8
268,2001,8,9
273.4,2001,8,10
275.2,2001,8,13
274.8,2001,8,14
275,2001,8,15
275,2001,8,16
277.6,2001,8,17
277.2,2001,8,20
275,2001,8,21
274.9,2001,8,22
275.3,2001,8,23
272.5,2001,8,24
272.5,2001,8,27
272.3,2001,8,28
274.2,2001,8,29
275.4,2001,8,30
274.4,2001,8,31
271.6,2001,9,4
272,2001,9,5
273,2001,9,6
273.1,2001,9,7
271.6,2001,9,10
271.6,2001,9,11
290.2,2001,9,14
289.8,2001,9,17
288.1,2001,9,18
291.5,2001,9,19
289.5,2001,9,20
291.9,2001,9,21
289.7,2001,9,24
290.5,2001,9,25
293.3,2001,9,26
289,2001,9,27
291,2001,9,28
291.8,2001,10,1
292.1,2001,10,2
291,2001,10,3
290,2001,10,4
291.5,2001,10,5
292.7,2001,10,8
290.2,2001,10,9
286.8,2001,10,10
283.5,2001,10,11
282.2,2001,10,12
282.7,2001,10,15
282.2,2001,10,16
282.2,2001,10,17
282.5,2001,10,18
279,2001,10,19
275.5,2001,10,22
277,2001,10,23
275.9,2001,10,24
277.8,2001,10,25
277.9,2001,10,26
278.5,2001,10,29
281.2,2001,10,30
279.5,2001,10,31
279.7,2001,11,1
279.8,2001,11,2
278.5,2001,11,5
279.7,2001,11,6
280.5,2001,11,7
278,2001,11,8
277.2,2001,11,9
278.3,2001,11,12
277.8,2001,11,13
277.8,2001,11,14
275.1,2001,11,15
274.7,2001,11,16
272.7,2001,11,19
273,2001,11,20
272.9,2001,11,21
272.3,2001,11,26
273.2,2001,11,27
274.1,2001,11,28
274.1,2001,11,29
273.2,2001,11,30
274.2,2001,12,3
275.9,2001,12,4
274.3,2001,12,5
273.2,2001,12,6
274,2001,12,7
272.5,2001,12,10
272.5,2001,12,11
272.7,2001,12,12
274,2001,12,13
275,2001,12,14
278.2,2001,12,17
278.3,2001,12,18
280,2001,12,19
276.5,2001,12,20
276,2001,12,21
278.3,2001,12,26
278,2001,12,27
276.5,2001,12,28
276.8,2001,12,31
278.9,2002,1,2
278.2,2002,1,3
278.9,2002,1,4
279,2002,1,7
278.9,2002,1,8
283.4,2002,1,9
276.7,2002,1,10
287.4,2002,1,11
285.4,2002,1,14
284.4,2002,1,15
287.3,2002,1,16
284.4,2002,1,17
283.1,2002,1,18
281.5,2002,1,22
278.6,2002,1,23
278.1,2002,1,24
278.8,2002,1,25
278.3,2002,1,28
281.4,2002,1,29
281.9,2002,1,30
281,2002,1,31
282.3,2002,2,1
286,2002,2,4
290,2002,2,5
297.3,2002,2,6
297.2,2002,2,7
304.5,2002,2,8
303.5,2002,2,11
299,2002,2,12
300.5,2002,2,13
300,2002,2,14
300.5,2002,2,15
297,2002,2,19
294.1,2002,2,20
291.8,2002,2,21
293.2,2002,2,22
292,2002,2,25
294,2002,2,26
295.3,2002,2,27
296,2002,2,28
298,2002,3,1
296.7,2002,3,4
298,2002,3,5
293.5,2002,3,6
290.1,2002,3,7
290.1,2002,3,8
291.1,2002,3,11
293.6,2002,3,12
293.6,2002,3,13
291,2002,3,14
289.9,2002,3,15
292.1,2002,3,18
292.8,2002,3,19
292.1,2002,3,20
292.8,2002,3,21
297.3,2002,3,22
297.4,2002,3,25
296.6,2002,3,26
302.8,2002,3,28
302.6,2002,4,1
303,2002,4,2
306,2002,4,3
302.6,2002,4,4
300.7,2002,4,5
299,2002,4,8
300,2002,4,9
298,2002,4,10
303,2002,4,11
301.5,2002,4,12
303.3,2002,4,15
299.2,2002,4,16
298.8,2002,4,17
303.6,2002,4,18
302.5,2002,4,19
304.1,2002,4,22
302.9,2002,4,23
305,2002,4,24
305.4,2002,4,25
308.4,2002,4,26
311.2,2002,4,29
308.9,2002,4,30
309.1,2002,5,1
308.3,2002,5,2
312.2,2002,5,3
311.2,2002,5,6
311.6,2002,5,7
308.2,2002,5,8
307.5,2002,5,9
311,2002,5,10
311,2002,5,13
307.5,2002,5,14
308.7,2002,5,15
309.8,2002,5,16
310.6,2002,5,17
315.7,2002,5,20
315.8,2002,5,21
318,2002,5,22
322.5,2002,5,23
320.4,2002,5,24
323.9,2002,5,28
325.4,2002,5,29
325.4,2002,5,30
325,2002,5,31
326.6,2002,6,3
327,2002,6,4
327.3,2002,6,5
321.1,2002,6,6
325.5,2002,6,7
323,2002,6,10
319.3,2002,6,11
319.6,2002,6,12
320.1,2002,6,13
321.2,2002,6,14
318,2002,6,17
317,2002,6,18
320.2,2002,6,19
321.3,2002,6,20
322.9,2002,6,21
326.5,2002,6,24
323.7,2002,6,25
322.1,2002,6,26
320.3,2002,6,27
313.5,2002,6,28
314,2002,7,1
315,2002,7,2
311,2002,7,3
313.3,2002,7,8
313.4,2002,7,9
314.7,2002,7,10
317.2,2002,7,11
315.6,2002,7,12
320.5,2002,7,15
318.2,2002,7,16
317.4,2002,7,17
317,2002,7,18
323.9,2002,7,19
323.6,2002,7,22
312.7,2002,7,23
311.5,2002,7,24
309.8,2002,7,25
303.4,2002,7,26
301,2002,7,29
301.5,2002,7,30
303.7,2002,7,31
303.2,2002,8,1
303.6,2002,8,2
307.5,2002,8,5
307.5,2002,8,6
308,2002,8,7
314.6,2002,8,8
310,2002,8,9
313.8,2002,8,12
313.6,2002,8,13
317,2002,8,14
311.6,2002,8,15
313.1,2002,8,16
313.1,2002,8,19
307.4,2002,8,20
306,2002,8,21
305.8,2002,8,22
305.5,2002,8,23
310.5,2002,8,26
308.5,2002,8,27
311.9,2002,8,28
312,2002,8,29
312.4,2002,8,30
312.5,2002,9,3
314.9,2002,9,4
318.2,2002,9,5
320,2002,9,6
321.3,2002,9,9
317.9,2002,9,10
316.6,2002,9,11
318.9,2002,9,12
319,2002,9,13
317.1,2002,9,16
317,2002,9,17
320.6,2002,9,18
322.6,2002,9,19
321.9,2002,9,20
323,2002,9,23
325.9,2002,9,24
322.2,2002,9,25
320.3,2002,9,26
319.6,2002,9,27
320.7,2002,9,30
322,2002,10,1
319.6,2002,10,2
321,2002,10,3
321.4,2002,10,4
322,2002,10,7
319,2002,10,8
318.2,2002,10,9
319,2002,10,10
316.7,2002,10,11
318,2002,10,14
315.5,2002,10,15
314.5,2002,10,16
314,2002,10,17
312.2,2002,10,18
313,2002,10,21
313.3,2002,10,22
313.3,2002,10,23
311.7,2002,10,24
314,2002,10,25
314,2002,10,28
317.7,2002,10,29
316,2002,10,30
318,2002,10,31
318.8,2002,11,1
318.3,2002,11,4
318.2,2002,11,5
317.5,2002,11,6
320.5,2002,11,7
321.5,2002,11,8
321.2,2002,11,11
324.5,2002,11,12
317.5,2002,11,13
317.9,2002,11,14
320.7,2002,11,15
319.2,2002,11,18
318.6,2002,11,19
317.4,2002,11,20
317.4,2002,11,21
317.4,2002,11,22
316.5,2002,11,25
318,2002,11,27
318.1,2002,12,2
317.4,2002,12,3
319.8,2002,12,4
321.7,2002,12,5
324.3,2002,12,6
325.7,2002,12,9
326,2002,12,10
323.2,2002,12,11
326.5,2002,12,12
331.9,2002,12,13
334,2002,12,16
337.5,2002,12,17
337.3,2002,12,18
344.4,2002,12,19
346,2002,12,20
344.5,2002,12,23
346.1,2002,12,24
346,2002,12,26
348.8,2002,12,27
350.4,2002,12,30
343.6,2002,12,31
346.1,2003,1,2
345.2,2003,1,3
351.1,2003,1,6
349.3,2003,1,7
346.8,2003,1,8
353.3,2003,1,9
354.2,2003,1,10
352,2003,1,13
352,2003,1,14
350,2003,1,15
357.7,2003,1,16
356.6,2003,1,17
357.3,2003,1,21
360.5,2003,1,22
364.5,2003,1,23
367,2003,1,24
371,2003,1,27
369,2003,1,28
366.3,2003,1,29
366,2003,1,30
368.8,2003,1,31
368,2003,2,3
371.4,2003,2,4
379,2003,2,5
370,2003,2,6
370.5,2003,2,7
370.4,2003,2,10
363.2,2003,2,11
363.8,2003,2,12
352.4,2003,2,13
354.9,2003,2,14
347.8,2003,2,18
344,2003,2,19
351.7,2003,2,20
352.5,2003,2,21
353.9,2003,2,24
357.4,2003,2,25
353,2003,2,26
346.1,2003,2,27
350.2,2003,2,28
349.2,2003,3,3
353.2,2003,3,4
353.1,2003,3,5
356.8,2003,3,6
350.8,2003,3,7
354.7,2003,3,10
350.5,2003,3,11
346.5,2003,3,12
342.7,2003,3,13
336.5,2003,3,14
343,2003,3,17
336,2003,3,18
336.1,2003,3,19
332.9,2003,3,20
326,2003,3,21
329.5,2003,3,24
328.4,2003,3,25
330.3,2003,3,26
328.7,2003,3,27
328.5,2003,3,28
331.6,2003,3,31
336,2003,4,1
334.4,2003,4,2
329.7,2003,4,3
324.7,2003,4,4
321,2003,4,7
322.3,2003,4,8
323,2003,4,9
327,2003,4,10
326.5,2003,4,11
325.6,2003,4,14
324.5,2003,4,15
323.7,2003,4,16
326,2003,4,17
329.7,2003,4,21
333.5,2003,4,22
334.3,2003,4,23
332.6,2003,4,24
333.4,2003,4,25
335,2003,4,28
333,2003,4,29
337,2003,4,30
339,2003,5,1
341,2003,5,2
342.3,2003,5,5
342.5,2003,5,6
341.9,2003,5,7
348.4,2003,5,8
348.3,2003,5,9
351.6,2003,5,12
350,2003,5,13
352.3,2003,5,14
352.6,2003,5,15
354.7,2003,5,16
364.2,2003,5,19
366.3,2003,5,20
372,2003,5,21
368.1,2003,5,22
368.8,2003,5,23
367.8,2003,5,27
365.2,2003,5,28
365.1,2003,5,29
368.6,2003,5,30
362.4,2003,6,2
366,2003,6,3
366.1,2003,6,4
361.8,2003,6,5
368.1,2003,6,6
362.5,2003,6,9
362.3,2003,6,10
352.2,2003,6,11
354.5,2003,6,12
353.7,2003,6,13
359.1,2003,6,16
359.9,2003,6,17
360.7,2003,6,18
356,2003,6,19
362.3,2003,6,20
355.9,2003,6,23
354,2003,6,24
348.1,2003,6,25
344,2003,6,26
345.2,2003,6,27
346,2003,6,30
351.4,2003,7,1
351.3,2003,7,2
351,2003,7,3
348.1,2003,7,7
344.1,2003,7,8
343.6,2003,7,9
344.3,2003,7,10
344,2003,7,11
346.9,2003,7,14
342.1,2003,7,15
343.1,2003,7,16
344.2,2003,7,17
347.2,2003,7,18
350.9,2003,7,21
350.6,2003,7,22
358.6,2003,7,23
362.2,2003,7,24
362.7,2003,7,25
364.8,2003,7,28
361.7,2003,7,29
361.1,2003,7,30
354.7,2003,7,31
354.1,2003,8,1
346.5,2003,8,4
349.1,2003,8,5
349.6,2003,8,6
351,2003,8,7
352,2003,8,8
359.6,2003,8,11
359.6,2003,8,12
357.2,2003,8,13
363.8,2003,8,14
366,2003,8,15
360,2003,8,18
357,2003,8,19
361.1,2003,8,20
364.6,2003,8,21
362,2003,8,22
364,2003,8,25
361.5,2003,8,26
371.5,2003,8,27
369,2003,8,28
375,2003,8,29
375,2003,9,2
373.9,2003,9,3
372.9,2003,9,4
377.6,2003,9,5
375.1,2003,9,8
381.7,2003,9,9
380,2003,9,10
378,2003,9,11
375.8,2003,9,12
374.5,2003,9,15
373.5,2003,9,16
376.2,2003,9,17
376.6,2003,9,18
381.8,2003,9,19
387.2,2003,9,22
385.9,2003,9,23
387.5,2003,9,24
385,2003,9,25
380.8,2003,9,26
381,2003,9,29
382.3,2003,9,30
385.5,2003,10,1
385.1,2003,10,2
383,2003,10,3
371.5,2003,10,6
375,2003,10,7
377,2003,10,8
373.5,2003,10,9
370.8,2003,10,10
371.3,2003,10,13
373.5,2003,10,14
374,2003,10,15
372.7,2003,10,16
369.5,2003,10,17
373.5,2003,10,20
378.7,2003,10,21
386.4,2003,10,22
386,2003,10,23
384.7,2003,10,24
387.8,2003,10,27
385,2003,10,28
383,2003,10,29
384.3,2003,10,30
384.5,2003,10,31
382.8,2003,11,3
379.9,2003,11,4
382.6,2003,11,5
380.6,2003,11,6
383.3,2003,11,7
386.6,2003,11,10
388.1,2003,11,11
394.9,2003,11,12
396,2003,11,13
397.8,2003,11,14
391.5,2003,11,17
397.6,2003,11,18
394.9,2003,11,19
393.7,2003,11,20
394,2003,11,21
391.5,2003,11,24
390.7,2003,11,26
397.2,2003,12,1
402,2003,12,2
403.2,2003,12,3
403.9,2003,12,4
402.5,2003,12,5
406.7,2003,12,8
407,2003,12,9
406.9,2003,12,10
405.8,2003,12,11
406.1,2003,12,12
401.6,2003,12,15
410,2003,12,16
409.1,2003,12,17
413.2,2003,12,18
410.8,2003,12,19
409.6,2003,12,22
410.4,2003,12,23
411.5,2003,12,24
414.1,2003,12,29
416.9,2003,12,30
415.7,2003,12,31
422.5,2004,1,5
422.8,2004,1,6
421.9,2004,1,7
424,2004,1,8
426.4,2004,1,9
425.8,2004,1,12
425.4,2004,1,13
421.7,2004,1,14
408.4,2004,1,15
406.7,2004,1,16
412.7,2004,1,20
411.1,2004,1,21
410,2004,1,22
407.9,2004,1,23
406.6,2004,1,26
410,2004,1,27
414.5,2004,1,28
412,2004,1,29
398,2004,1,30
403,2004,2,2
398.5,2004,2,3
399.8,2004,2,4
399.4,2004,2,5
397,2004,2,6
403.8,2004,2,9
407.3,2004,2,10
407.8,2004,2,11
411.9,2004,2,12
412.7,2004,2,13
414,2004,2,17
415.9,2004,2,18
410.4,2004,2,19
409,2004,2,20
399,2004,2,23
401.6,2004,2,24
404.8,2004,2,25
392.5,2004,2,26
395,2004,2,27
399.3,2004,3,1
397.5,2004,3,2
391.1,2004,3,3
394.8,2004,3,4
401,2004,3,5
399.5,2004,3,8
401.7,2004,3,9
400,2004,3,10
400.7,2004,3,11
395.3,2004,3,12
399.4,2004,3,15
402,2004,3,16
404,2004,3,17
411.1,2004,3,18
412,2004,3,19
417.4,2004,3,22
419.8,2004,3,23
417.2,2004,3,24
416,2004,3,25
422,2004,3,26
417.1,2004,3,29
416.5,2004,3,30
421,2004,3,31
427.2,2004,4,1
426.6,2004,4,2
421.6,2004,4,5
415.6,2004,4,6
418.9,2004,4,7
423.3,2004,4,8
421.1,2004,4,12
417.8,2004,4,13
407.3,2004,4,14
401,2004,4,15
399.6,2004,4,16
404.6,2004,4,19
400.3,2004,4,20
393.4,2004,4,21
390.5,2004,4,22
393,2004,4,23
396.5,2004,4,26
397.7,2004,4,27
395.5,2004,4,28
380,2004,4,29
389,2004,4,30
387,2004,5,3
392,2004,5,4
393.4,2004,5,5
387.2,2004,5,6
377,2004,5,7
378.3,2004,5,10
376.9,2004,5,11
377.4,2004,5,12
374.8,2004,5,13
377,2004,5,14
379.5,2004,5,17
375.8,2004,5,18
382.9,2004,5,19
378.4,2004,5,20
384.8,2004,5,21
385.6,2004,5,24
388.3,2004,5,25
388.3,2004,5,26
395.3,2004,5,28
395.1,2004,6,1
394.6,2004,6,2
390.7,2004,6,3
388.4,2004,6,4
391.8,2004,6,7
393.8,2004,6,8
391.6,2004,6,9
385.3,2004,6,10
383.6,2004,6,14
383.1,2004,6,15
386.5,2004,6,16
385.3,2004,6,17
393,2004,6,18
394.6,2004,6,21
394,2004,6,22
395.5,2004,6,23
394.6,2004,6,24
402.3,2004,6,25
403,2004,6,28
400.2,2004,6,29
395.4,2004,6,30
396,2004,7,1
398.3,2004,7,2
392.6,2004,7,6
397.8,2004,7,7
407.8,2004,7,8
407.5,2004,7,9
408.1,2004,7,12
402,2004,7,13
405.4,2004,7,14
404.2,2004,7,15
406.6,2004,7,16
405.6,2004,7,19
401.9,2004,7,20
397.1,2004,7,21
395.2,2004,7,22
391,2004,7,23
390.3,2004,7,26
387,2004,7,27
389,2004,7,28
389,2004,7,29
388.2,2004,7,30
394,2004,8,2
392,2004,8,3
393.6,2004,8,4
393,2004,8,5
392.5,2004,8,6
399.1,2004,8,9
399.3,2004,8,10
399.5,2004,8,11
395.7,2004,8,12
394.3,2004,8,13
399,2004,8,16
402.5,2004,8,17
403,2004,8,18
404.3,2004,8,19
407,2004,8,20
411.3,2004,8,23
405,2004,8,24
405.3,2004,8,25
409,2004,8,26
407.4,2004,8,27
404.7,2004,8,30
410.4,2004,8,31
407.3,2004,9,1
406.4,2004,9,2
400.5,2004,9,3
398,2004,9,7
396.8,2004,9,8
398.5,2004,9,9
401,2004,9,10
404.1,2004,9,13
405.1,2004,9,14
404,2004,9,15
404.7,2004,9,16
405.8,2004,9,17
403.6,2004,9,20
408.3,2004,9,21
407.2,2004,9,22
410.9,2004,9,23
408.1,2004,9,24
409.1,2004,9,27
410.8,2004,9,28
412,2004,9,29
412.9,2004,9,30
419.1,2004,10,1
415,2004,10,4
415.3,2004,10,5
417.5,2004,10,6
418,2004,10,7
418.7,2004,10,8
422.2,2004,10,11
419.1,2004,10,12
411,2004,10,13
416,2004,10,14
418.3,2004,10,15
419,2004,10,18
420.7,2004,10,19
420.3,2004,10,20
423.5,2004,10,21
424.6,2004,10,22
429,2004,10,25
429.1,2004,10,26
429.5,2004,10,27
425.1,2004,10,28
428.5,2004,10,29
427.3,2004,11,1
420,2004,11,2
424.6,2004,11,3
430.1,2004,11,4
433.6,2004,11,5
432.7,2004,11,8
434,2004,11,9
434,2004,11,10
434.9,2004,11,11
437.9,2004,11,12
437,2004,11,15
440.2,2004,11,16
444.8,2004,11,17
442.6,2004,11,18
446.8,2004,11,19
448.8,2004,11,22
447.8,2004,11,23
449.3,2004,11,24
450.8,2004,11,29
453.4,2004,11,30
451.6,2004,12,1
454,2004,12,2
450.4,2004,12,3
454.4,2004,12,6
453,2004,12,7
449,2004,12,8
437.5,2004,12,9
436.5,2004,12,10
437,2004,12,13
438.9,2004,12,14
435.7,2004,12,15
440.8,2004,12,16
436.8,2004,12,17
442.5,2004,12,20
443,2004,12,21
442.1,2004,12,22
441.3,2004,12,23
444,2004,12,27
445.5,2004,12,28
440.5,2004,12,29
438.9,2004,12,30
431,2005,1,3
428.5,2005,1,4
425.7,2005,1,5
421,2005,1,6
423.7,2005,1,7
419.1,2005,1,10
421.9,2005,1,11
426.1,2005,1,12
424.7,2005,1,13
422,2005,1,14
423.2,2005,1,18
423,2005,1,19
421.8,2005,1,20
426.7,2005,1,21
426.9,2005,1,24
422,2005,1,25
426.9,2005,1,26
426.3,2005,1,27
426.1,2005,1,28
426,2005,1,31
422.2,2005,2,1
420.9,2005,2,2
421.3,2005,2,3
416.4,2005,2,4
414.1,2005,2,7
413.6,2005,2,8
412.2,2005,2,9
412,2005,2,10
416.8,2005,2,11
420,2005,2,14
425.9,2005,2,15
424,2005,2,16
425.5,2005,2,17
426.7,2005,2,18
426.5,2005,2,22
434,2005,2,23
436,2005,2,24
436,2005,2,25
435.5,2005,2,28
432.9,2005,3,1
433.4,2005,3,2
429.9,2005,3,3
434.2,2005,3,4
435,2005,3,7
440.3,2005,3,8
442.1,2005,3,9
442.8,2005,3,10
446.2,2005,3,11
441.1,2005,3,14
440.9,2005,3,15
443.7,2005,3,16
438.7,2005,3,17
439.3,2005,3,18
431.1,2005,3,21
431.3,2005,3,22
425.2,2005,3,23
424.7,2005,3,24
425.9,2005,3,28
426,2005,3,29
426,2005,3,30
426.7,2005,3,31
428.3,2005,4,1
426,2005,4,4
423.8,2005,4,5
424.9,2005,4,6
426.5,2005,4,7
425.2,2005,4,8
426,2005,4,11
428.1,2005,4,12
428,2005,4,13
429.5,2005,4,14
423.2,2005,4,15
423.6,2005,4,18
426.8,2005,4,19
433.6,2005,4,20
434.1,2005,4,21
433.5,2005,4,22
432.7,2005,4,25
438,2005,4,26
436.4,2005,4,27
431.3,2005,4,28
435,2005,4,29
429.5,2005,5,2
426.7,2005,5,3
429,2005,5,4
429.8,2005,5,5
426.1,2005,5,6
426.2,2005,5,9
427.2,2005,5,10
427.2,2005,5,11
421.6,2005,5,12
420.2,2005,5,13
418.9,2005,5,16
419.4,2005,5,17
421.5,2005,5,18
420.5,2005,5,19
416.5,2005,5,20
416.6,2005,5,23
417.5,2005,5,24
418.8,2005,5,25
417.8,2005,5,26
420.2,2005,5,27
418,2005,5,31
416.4,2005,6,1
415.8,2005,6,2
422.2,2005,6,3
423.6,2005,6,6
426.7,2005,6,7
425.6,2005,6,8
423.7,2005,6,9
423.8,2005,6,10
428.3,2005,6,13
428.2,2005,6,14
427.5,2005,6,15
429.5,2005,6,16
436.1,2005,6,17
440,2005,6,20
439,2005,6,21
437.5,2005,6,22
438.3,2005,6,23
441.5,2005,6,24
440.7,2005,6,27
437.5,2005,6,28
437.3,2005,6,29
435.9,2005,6,30
427.8,2005,7,1
422.9,2005,7,5
423.5,2005,7,6
423.3,2005,7,7
422.9,2005,7,8
425.5,2005,7,11
426.3,2005,7,12
423.9,2005,7,13
419.6,2005,7,14
420.7,2005,7,15
420.5,2005,7,18
419.7,2005,7,19
421.7,2005,7,20
425.4,2005,7,21
424.7,2005,7,22
425.7,2005,7,25
423.4,2005,7,26
424.7,2005,7,27
425,2005,7,28
427.7,2005,7,29
430,2005,8,1
431.7,2005,8,2
431.5,2005,8,3
436.5,2005,8,4
437.7,2005,8,5
437,2005,8,8
432.5,2005,8,9
434.9,2005,8,10
437.2,2005,8,11
445.8,2005,8,12
441.4,2005,8,15
441.7,2005,8,16
442.5,2005,8,17
440.4,2005,8,18
439.1,2005,8,19
437,2005,8,22
438.8,2005,8,23
439.7,2005,8,24
438.5,2005,8,25
438.4,2005,8,26
438.5,2005,8,29
431.2,2005,8,30
433.8,2005,8,31
438.5,2005,9,1
444.2,2005,9,2
444.4,2005,9,6
444.7,2005,9,7
446.7,2005,9,8
449,2005,9,9
449.7,2005,9,12
446.1,2005,9,13
449.8,2005,9,14
455.5,2005,9,15
459.5,2005,9,16
466.7,2005,9,19
466.2,2005,9,20
468.9,2005,9,21
467.5,2005,9,22
463.5,2005,9,23
465.9,2005,9,26
462.6,2005,9,27
469.7,2005,9,28
469.5,2005,9,29
472.7,2005,9,30
467.8,2005,10,3
466.8,2005,10,4
465,2005,10,5
465.6,2005,10,6
473,2005,10,7
474.8,2005,10,10
475.2,2005,10,11
478.5,2005,10,12
472,2005,10,13
469.3,2005,10,14
473,2005,10,17
472,2005,10,18
471,2005,10,19
465,2005,10,20
462,2005,10,21
465.5,2005,10,24
465,2005,10,25
472.5,2005,10,26
471,2005,10,27
473.5,2005,10,28
471.1,2005,10,31
463,2005,11,1
462.8,2005,11,2
460.1,2005,11,3
455.3,2005,11,4
459,2005,11,7
458.5,2005,11,8
466.3,2005,11,9
466.6,2005,11,10
468.3,2005,11,11
468.2,2005,11,14
468.1,2005,11,15
478.3,2005,11,16
486,2005,11,17
485.6,2005,11,18
489,2005,11,21
492.6,2005,11,22
492.1,2005,11,23
502.2,2005,11,28
498.7,2005,11,29
499.1,2005,11,30
494.2,2005,12,1
503,2005,12,2
504.5,2005,12,5
509.2,2005,12,6
510.7,2005,12,7
514.6,2005,12,8
520.4,2005,12,9
526.5,2005,12,12
528.4,2005,12,13
521,2005,12,14
506,2005,12,15
503.9,2005,12,16
509.5,2005,12,19
506.9,2005,12,20
495.5,2005,12,21
495.5,2005,12,22
502.3,2005,12,23
508.7,2005,12,27
516.9,2005,12,28
515.7,2005,12,29
517.1,2005,12,30
518.6,2006,1,2
518.6,2006,1,3
533.6,2006,1,4
529,2006,1,5
539.7,2006,1,6
549.1,2006,1,9
544.3,2006,1,10
548.8,2006,1,11
548.3,2006,1,12
556.1,2006,1,13
553.4,2006,1,17
543.7,2006,1,18
552,2006,1,19
553.5,2006,1,20
555,2006,1,23
555,2006,1,24
562.2,2006,1,25
559.7,2006,1,26
558.7,2006,1,27
559.2,2006,1,30
566.5,2006,1,31
571.6,2006,2,1
569.8,2006,2,2
571.5,2006,2,3
568.4,2006,2,6
569.5,2006,2,7
551,2006,2,8
549.9,2006,2,9
561.9,2006,2,10
548.5,2006,2,13
538,2006,2,14
544.9,2006,2,15
539,2006,2,16
548,2006,2,17
550.5,2006,2,21
552.6,2006,2,22
554.5,2006,2,23
547.5,2006,2,24
556.1,2006,2,27
553.1,2006,2,28
562.5,2006,3,1
568.2,2006,3,2
569.8,2006,3,3
554.9,2006,3,6
554.5,2006,3,7
540,2006,3,8
545,2006,3,9
539.9,2006,3,10
541,2006,3,13
551.7,2006,3,14
553.1,2006,3,15
554.4,2006,3,16
554.1,2006,3,17
555.2,2006,3,20
552.4,2006,3,21
550.9,2006,3,22
550.1,2006,3,23
560,2006,3,24
567,2006,3,27
566.6,2006,3,28
573,2006,3,29
572.6,2006,3,30
586.8,2006,3,31
582,2006,4,3
588,2006,4,4
587,2006,4,5
588,2006,4,6
595.5,2006,4,7
589,2006,4,10
602,2006,4,11
597.3,2006,4,12
596.5,2006,4,13
605,2006,4,17
614.6,2006,4,18
620.5,2006,4,19
640,2006,4,20
615,2006,4,21
634,2006,4,24
620.6,2006,4,25
635,2006,4,26
636.5,2006,4,27
651.8,2006,4,28
658,2006,5,1
666,2006,5,2
669.2,2006,5,3
674.2,2006,5,4
682.2,2006,5,5
679,2006,5,8
679,2006,5,9
695.5,2006,5,10
723,2006,5,11
714,2006,5,12
683.6,2006,5,15
691.5,2006,5,16
690.5,2006,5,17
679.6,2006,5,18
656.7,2006,5,19
657,2006,5,22
673,2006,5,23
637,2006,5,24
648.4,2006,5,25
650.9,2006,5,26
650.7,2006,5,30
651,2006,5,31
642.8,2006,6,1
628,2006,6,2
635.5,2006,6,5
643.4,2006,6,6
629.2,2006,6,7
627.6,2006,6,8
610,2006,6,9
606,2006,6,12
605.6,2006,6,13
555,2006,6,14
557.3,2006,6,15
574,2006,6,16
568.8,2006,6,19
571,2006,6,20
572,2006,6,21
588,2006,6,22
579,2006,6,23
583,2006,6,26
589,2006,6,27
585.5,2006,6,28
586.5,2006,6,29
609,2006,6,30
613.5,2006,7,3
627.3,2006,7,5
624,2006,7,6
632.8,2006,7,7
624.1,2006,7,10
641.2,2006,7,11
649.4,2006,7,12
652.9,2006,7,13
666.6,2006,7,14
675.1,2006,7,17
628.3,2006,7,18
641.6,2006,7,19
631.7,2006,7,20
619.6,2006,7,21
612.7,2006,7,24
617.6,2006,7,25
621.6,2006,7,26
632.4,2006,7,27
632.5,2006,7,28
634.2,2006,7,31
635.4,2006,8,1
645.8,2006,8,2
651,2006,8,3
646,2006,8,4
651.2,2006,8,7
642.5,2006,8,8
645,2006,8,9
650.2,2006,8,10
638,2006,8,11
629.9,2006,8,14
625,2006,8,15
631,2006,8,16
627.5,2006,8,17
614.2,2006,8,18
613.6,2006,8,21
626,2006,8,22
626,2006,8,23
621.6,2006,8,24
622.5,2006,8,25
621.7,2006,8,28
616.8,2006,8,29
615.6,2006,8,30
625.9,2006,8,31
624.4,2006,9,1
638.5,2006,9,5
633.5,2006,9,6
617,2006,9,7
609.6,2006,9,8
590,2006,9,11
591,2006,9,12
589.1,2006,9,13
579.3,2006,9,14
576.4,2006,9,15
586.2,2006,9,18
576.8,2006,9,19
584,2006,9,20
582.2,2006,9,21
589.4,2006,9,22
589.9,2006,9,25
591.2,2006,9,26
597.3,2006,9,27
597.7,2006,9,28
605.1,2006,9,29
598.9,2006,10,2
591.9,2006,10,3
573.9,2006,10,4
565.9,2006,10,5
572,2006,10,6
578,2006,10,9
574.5,2006,10,10
578,2006,10,11
575,2006,10,12
585.5,2006,10,13
593.5,2006,10,16
588.5,2006,10,17
592.5,2006,10,18
588.9,2006,10,19
597.5,2006,10,20
579.7,2006,10,23
576.5,2006,10,24
587.6,2006,10,25
595,2006,10,26
598.2,2006,10,27
608.5,2006,10,30
604.1,2006,10,31
612.5,2006,11,1
625.4,2006,11,2
626.9,2006,11,3
625.8,2006,11,6
625.7,2006,11,7
616.4,2006,11,8
617,2006,11,9
628.4,2006,11,10
629,2006,11,13
623.8,2006,11,14
622.5,2006,11,15
620.6,2006,11,16
617.5,2006,11,17
621.2,2006,11,20
628.2,2006,11,21
628.7,2006,11,22
628.7,2006,11,24
640.4,2006,11,27
637.2,2006,11,28
638.4,2006,11,29
635,2006,11,30
645.7,2006,12,1
645.8,2006,12,4
644.3,2006,12,5
640.5,2006,12,6
628.3,2006,12,7
633.3,2006,12,8
623,2006,12,11
630.3,2006,12,12
632.5,2006,12,13
628,2006,12,14
625.5,2006,12,15
614,2006,12,18
616.5,2006,12,19
621.4,2006,12,20
620.8,2006,12,21
619,2006,12,22
625.1,2006,12,26
627.2,2006,12,27
627.1,2006,12,28
635.2,2006,12,29
635.2,2007,1,2
640.4,2007,1,3
624.5,2007,1,4
623.7,2007,1,5
607.5,2007,1,8
607,2007,1,9
611.6,2007,1,10
612.4,2007,1,11
616.2,2007,1,12
624.6,2007,1,16
630.5,2007,1,17
627.1,2007,1,18
633.5,2007,1,19
633.3,2007,1,22
642.2,2007,1,23
640.3,2007,1,24
647.8,2007,1,25
644.5,2007,1,26
643.1,2007,1,29
643,2007,1,30
646.5,2007,1,31
652.9,2007,2,1
655.7,2007,2,2
649,2007,2,5
648.2,2007,2,6
654.8,2007,2,7
650,2007,2,8
659.1,2007,2,9
664.3,2007,2,12
664.3,2007,2,13
666.7,2007,2,14
668.5,2007,2,15
664.5,2007,2,16
671,2007,2,20
660.4,2007,2,21
676.5,2007,2,22
678.3,2007,2,23
684.6,2007,2,26
684,2007,2,27
665.6,2007,2,28
673,2007,3,1
641.5,2007,3,2
640.2,2007,3,5
644.5,2007,3,6
650.6,2007,3,7
653.4,2007,3,8
648.5,2007,3,9
648,2007,3,12
647.6,2007,3,13
640.9,2007,3,14
645.7,2007,3,15
652.9,2007,3,16
653.1,2007,3,19
657.9,2007,3,20
659,2007,3,21
663.4,2007,3,22
656.7,2007,3,23
663.4,2007,3,26
662.1,2007,3,27
666.5,2007,3,28
665.9,2007,3,29
661.2,2007,3,30
665.5,2007,4,2
663.1,2007,4,3
664,2007,4,4
674.2,2007,4,5
671.1,2007,4,9
673.9,2007,4,10
678.3,2007,4,11
677,2007,4,12
680.2,2007,4,13
685.1,2007,4,16
689,2007,4,17
689.1,2007,4,18
681.9,2007,4,19
690.1,2007,4,20
689,2007,4,23
689.4,2007,4,24
686.5,2007,4,25
684.5,2007,4,26
673,2007,4,27
680,2007,4,30
673.7,2007,5,1
672.3,2007,5,2
681.8,2007,5,3
687.2,2007,5,4
688,2007,5,7
685.1,2007,5,8
680.3,2007,5,9
665.1,2007,5,10
670.6,2007,5,11
668.5,2007,5,14
673,2007,5,15
660.2,2007,5,16
656.2,2007,5,17
661,2007,5,18
660.7,2007,5,21
659.1,2007,5,22
661.9,2007,5,23
654,2007,5,24
655.9,2007,5,25
657.1,2007,5,29
655.7,2007,5,30
652.5,2007,5,31
661.5,2007,6,1
671.2,2007,6,4
672.1,2007,6,5
670.4,2007,6,6
671.4,2007,6,7
658.5,2007,6,8
649.2,2007,6,11
653.8,2007,6,12
646.6,2007,6,13
652.6,2007,6,14
651,2007,6,15
657.9,2007,6,18
656.2,2007,6,19
660.8,2007,6,20
648.6,2007,6,21
649.9,2007,6,22
650,2007,6,25
647.6,2007,6,26
640.4,2007,6,27
643.9,2007,6,28
647.5,2007,6,29
656.8,2007,7,2
655.7,2007,7,3
648.4,2007,7,5
652.7,2007,7,6
660.5,2007,7,9
662.5,2007,7,10
660.3,2007,7,11
665,2007,7,12
666.7,2007,7,13
667.1,2007,7,16
664.7,2007,7,17
672.6,2007,7,18
677.2,2007,7,19
683.9,2007,7,20
680.8,2007,7,23
684.2,2007,7,24
673.3,2007,7,25
662.5,2007,7,26
660,2007,7,27
659.9,2007,7,30
665,2007,7,31
663.2,2007,8,1
666.7,2007,8,2
665.8,2007,8,3
672.1,2007,8,6
670,2007,8,7
674.7,2007,8,8
667.8,2007,8,9
659.5,2007,8,10
669.9,2007,8,13
665,2007,8,14
665,2007,8,15
665.2,2007,8,16
648.4,2007,8,17
658.6,2007,8,20
657.9,2007,8,21
658.9,2007,8,22
663.6,2007,8,23
662.1,2007,8,24
667.9,2007,8,27
665.5,2007,8,28
667,2007,8,29
665.5,2007,8,30
672.5,2007,8,31
682.5,2007,9,4
678.6,2007,9,5
692.2,2007,9,6
700.8,2007,9,7
704.5,2007,9,10
703.5,2007,9,11
713.9,2007,9,12
706.9,2007,9,13
717.2,2007,9,14
719.1,2007,9,17
715.8,2007,9,18
724.6,2007,9,19
732.4,2007,9,20
731.4,2007,9,21
732.1,2007,9,24
731.6,2007,9,25
728.3,2007,9,26
728.2,2007,9,27
733.7,2007,9,28
745.1,2007,10,1
746.5,2007,10,2
727.6,2007,10,3
725.1,2007,10,4
731,2007,10,5
735.2,2007,10,8
736.1,2007,10,9
740.9,2007,10,10
747.4,2007,10,11
750.4,2007,10,12
758,2007,10,15
762.4,2007,10,16
760,2007,10,17
765.8,2007,10,18
765.2,2007,10,19
766.7,2007,10,22
756,2007,10,23
758.2,2007,10,24
767.9,2007,10,25
771.4,2007,10,26
793.8,2007,10,29
785.5,2007,10,30
789.3,2007,10,31
785.3,2007,11,1
794.1,2007,11,2
804.6,2007,11,5
821.9,2007,11,6
830,2007,11,7
829.8,2007,11,8
835.7,2007,11,9
803.9,2007,11,12
804.3,2007,11,13
816.7,2007,11,14
794.5,2007,11,15
785.7,2007,11,16
777.6,2007,11,19
792.9,2007,11,20
797.6,2007,11,21
824,2007,11,23
826,2007,11,26
823.2,2007,11,27
800.1,2007,11,28
804,2007,11,29
795,2007,11,30
783.9,2007,12,3
794,2007,12,4
802.2,2007,12,5
794.4,2007,12,6
800.7,2007,12,7
799.3,2007,12,10
808.1,2007,12,11
809.7,2007,12,12
810.3,2007,12,13
800.3,2007,12,14
793.5,2007,12,17
793,2007,12,18
799.2,2007,12,19
799.5,2007,12,20
800,2007,12,21
811.5,2007,12,24
815.7,2007,12,26
824.8,2007,12,27
826.6,2007,12,28
843.2,2007,12,31
848.7,2008,1,2
863,2008,1,3
861.4,2008,1,4
860.9,2008,1,7
861.6,2008,1,8
885,2008,1,9
882,2008,1,10
889.8,2008,1,11
907.3,2008,1,14
887.6,2008,1,15
880.5,2008,1,16
888.2,2008,1,17
871.8,2008,1,18
878.7,2008,1,22
885,2008,1,23
890.9,2008,1,24
910.5,2008,1,25
916.6,2008,1,28
925,2008,1,29
924.4,2008,1,30
928.2,2008,1,31
924.8,2008,2,1
903.7,2008,2,4
905.1,2008,2,5
887.9,2008,2,6
900.6,2008,2,7
915.3,2008,2,8
920.7,2008,2,11
921,2008,2,12
903,2008,2,13
904,2008,2,14
910.1,2008,2,15
904.3,2008,2,19
926.5,2008,2,20
940.1,2008,2,21
944.9,2008,2,22
946.5,2008,2,25
931.3,2008,2,26
960,2008,2,27
957.4,2008,2,28
971.4,2008,2,29
984.2,2008,3,3
982.4,2008,3,4
965,2008,3,5
984.3,2008,3,6
982.8,2008,3,7
975.5,2008,3,10
975.7,2008,3,11
973.6,2008,3,12
983.7,2008,3,13
993.9,2008,3,14
1005,2008,3,17
1003.6,2008,3,18
979.3,2008,3,19
939.9,2008,3,20
915.5,2008,3,24
931.5,2008,3,25
949.6,2008,3,26
947.4,2008,3,27
947.5,2008,3,28
931,2008,3,31
915,2008,4,1
884,2008,4,2
901.2,2008,4,3
904.7,2008,4,4
915.3,2008,4,7
924.2,2008,4,8
916,2008,4,9
931.3,2008,4,10
919.6,2008,4,11
917,2008,4,14
924.3,2008,4,15
927.2,2008,4,16
944.3,2008,4,17
936,2008,4,18
922.5,2008,4,21
921.8,2008,4,22
916.8,2008,4,23
902.4,2008,4,24
878.2,2008,4,25
887,2008,4,28
890.6,2008,4,29
868.7,2008,4,30
855,2008,5,1
853.3,2008,5,2
861.2,2008,5,5
872.3,2008,5,6
868,2008,5,7
871,2008,5,8
883.9,2008,5,9
879.2,2008,5,12
862.9,2008,5,13
862.8,2008,5,14
865.8,2008,5,15
892,2008,5,16
905,2008,5,19
919.5,2008,5,20
923.5,2008,5,21
917.6,2008,5,22
916.9,2008,5,23
912,2008,5,27
900.5,2008,5,28
903,2008,5,29
880.2,2008,5,30
887.3,2008,6,2
889.8,2008,6,3
879.5,2008,6,4
876.1,2008,6,5
878.5,2008,6,6
900.7,2008,6,9
886.6,2008,6,10
869.5,2008,6,11
873.6,2008,6,12
870.3,2008,6,13
872.5,2008,6,16
883.4,2008,6,17
888,2008,6,18
888.6,2008,6,19
903.8,2008,6,20
903.4,2008,6,23
889.6,2008,6,24
883.6,2008,6,25
909.6,2008,6,26
913.1,2008,6,27
927.7,2008,6,30
943.6,2008,7,1
938.8,2008,7,2
944.8,2008,7,3
931.4,2008,7,7
922.8,2008,7,8
919.8,2008,7,9
928.1,2008,7,10
948.2,2008,7,11
964.7,2008,7,14
983.5,2008,7,15
960,2008,7,16
957.3,2008,7,17
956.8,2008,7,18
964.5,2008,7,21
973,2008,7,22
935,2008,7,23
920.9,2008,7,24
928.4,2008,7,25
928.8,2008,7,28
916.2,2008,7,29
917.9,2008,7,30
906.9,2008,7,31
904.9,2008,8,1
912.7,2008,8,4
895.4,2008,8,5
880.7,2008,8,6
882.2,2008,8,7
868.8,2008,8,8
858.3,2008,8,11
826.4,2008,8,12
810.9,2008,8,13
831.4,2008,8,14
796.9,2008,8,15
792,2008,8,18
789.6,2008,8,19
814.9,2008,8,20
825.8,2008,8,21
832.3,2008,8,22
819.8,2008,8,25
826,2008,8,26
830.3,2008,8,27
828,2008,8,28
831.7,2008,8,29
829.9,2008,9,2
805.6,2008,9,3
801.4,2008,9,4
794.7,2008,9,5
811,2008,9,8
802,2008,9,9
776.6,2008,9,10
756.6,2008,9,11
750.5,2008,9,12
778.1,2008,9,15
777.7,2008,9,16
782.9,2008,9,17
869.9,2008,9,18
860.6,2008,9,19
888.8,2008,9,22
892.4,2008,9,23
879.5,2008,9,24
891.5,2008,9,25
884.2,2008,9,26
871.3,2008,9,29
904.8,2008,9,30
878,2008,10,1
870.4,2008,10,2
832.5,2008,10,3
828.8,2008,10,6
862.1,2008,10,7
879.7,2008,10,8
902.7,2008,10,9
925.7,2008,10,10
861.1,2008,10,13
848.1,2008,10,14
839.5,2008,10,15
846,2008,10,16
798,2008,10,17
803.8,2008,10,20
793.7,2008,10,21
771.7,2008,10,22
705,2008,10,23
715.3,2008,10,24
742.8,2008,10,27
731,2008,10,28
750.8,2008,10,29
760.5,2008,10,30
731.4,2008,10,31
728.8,2008,11,3
726,2008,11,4
757.4,2008,11,5
743.4,2008,11,6
731.5,2008,11,7
749,2008,11,10
734.2,2008,11,11
730.4,2008,11,12
714.3,2008,11,13
726.5,2008,11,14
741.9,2008,11,17
738,2008,11,18
736,2008,11,19
740.5,2008,11,20
771.3,2008,11,21
819.9,2008,11,24
818.4,2008,11,25
819.1,2008,11,26
811.1,2008,11,28
817.2,2008,12,1
765.3,2008,12,2
780,2008,12,3
770,2008,12,4
764.5,2008,12,5
755,2008,12,8
775,2008,12,9
784.1,2008,12,10
803.4,2008,12,11
821.5,2008,12,12
828,2008,12,15
839,2008,12,16
854.4,2008,12,17
862.4,2008,12,18
846.6,2008,12,19
848.5,2008,12,22
848,2008,12,23
838.9,2008,12,24
847,2008,12,26
882.9,2008,12,29
878.1,2008,12,30
860,2008,12,31
881.5,2009,1,2
882,2009,1,5
855.1,2009,1,6
862,2009,1,7
837.9,2009,1,8
855.9,2009,1,9
844.4,2009,1,12
825.6,2009,1,13
825.9,2009,1,14
805.6,2009,1,15
834,2009,1,16
838.7,2009,1,20
850.5,2009,1,21
856.8,2009,1,22
875,2009,1,23
907.3,2009,1,26
902.8,2009,1,27
886.1,2009,1,28
888.1,2009,1,29
909.8,2009,1,30
929,2009,2,2
903.2,2009,2,3
900.1,2009,2,4
906.3,2009,2,5
914.5,2009,2,6
910,2009,2,9
898,2009,2,10
913.7,2009,2,11
938.8,2009,2,12
947.3,2009,2,13
939.5,2009,2,17
968.4,2009,2,18
982.7,2009,2,19
974,2009,2,20
995.6,2009,2,23
988,2009,2,24
963.3,2009,2,25
953,2009,2,26
943.4,2009,2,27
945,2009,3,2
927,2009,3,3
914.9,2009,3,4
912,2009,3,5
933.5,2009,3,6
940.5,2009,3,9
921.6,2009,3,10
894.7,2009,3,11
909.2,2009,3,12
924.4,2009,3,13
926.4,2009,3,16
923.2,2009,3,17
915.4,2009,3,18
938,2009,3,19
960.6,2009,3,20
950.7,2009,3,23
923.3,2009,3,24
921.2,2009,3,25
939.6,2009,3,26
923,2009,3,27
924.6,2009,3,30
918,2009,3,31
918.6,2009,4,1
926.9,2009,4,2
904.6,2009,4,3
895,2009,4,6
872.2,2009,4,7
884,2009,4,8
882.4,2009,4,9
882.5,2009,4,13
896.1,2009,4,14
890,2009,4,15
890.9,2009,4,16
874,2009,4,17
868.8,2009,4,20
886.9,2009,4,21
883.1,2009,4,22
893.6,2009,4,23
911.2,2009,4,24
918,2009,4,27
899.7,2009,4,28
890.1,2009,4,29
898.2,2009,4,30
884,2009,5,1
885.8,2009,5,4
903.5,2009,5,5
901.3,2009,5,6
922.4,2009,5,7
910.1,2009,5,8
913.1,2009,5,11
918.5,2009,5,12
922,2009,5,13
922.6,2009,5,14
925.2,2009,5,15
929.6,2009,5,18
926.3,2009,5,19
933,2009,5,20
939.1,2009,5,21
956.9,2009,5,22
953,2009,5,26
947.2,2009,5,27
948.6,2009,5,28
959.2,2009,5,29
978.8,2009,6,1
974.7,2009,6,2
981.7,2009,6,3
963.6,2009,6,4
981.4,2009,6,5
958,2009,6,8
953.5,2009,6,9
956,2009,6,10
954.3,2009,6,11
955.9,2009,6,12
938.5,2009,6,15
930.9,2009,6,16
931.5,2009,6,17
942,2009,6,18
932,2009,6,19
925,2009,6,22
921.9,2009,6,23
925.4,2009,6,24
932.3,2009,6,25
945.3,2009,6,26
940.2,2009,6,29
941.4,2009,6,30
929.3,2009,7,1
941.4,2009,7,2
928.7,2009,7,6
924.2,2009,7,7
919.6,2009,7,8
907.2,2009,7,9
910.7,2009,7,10
911.5,2009,7,13
920.2,2009,7,14
928.9,2009,7,15
938.4,2009,7,16
936.9,2009,7,17
954.1,2009,7,20
948.6,2009,7,21
949.2,2009,7,22
954.2,2009,7,23
950.3,2009,7,24
955.1,2009,7,27
949.5,2009,7,28
927.2,2009,7,29
929.2,2009,7,30
934.4,2009,7,31
952.6,2009,8,3
956.6,2009,8,4
967.6,2009,8,5
964.1,2009,8,6
964.3,2009,8,7
955,2009,8,10
947.2,2009,8,11
947.5,2009,8,12
952.6,2009,8,13
957.4,2009,8,14
947.4,2009,8,17
938.6,2009,8,18
941.8,2009,8,19
942.9,2009,8,20
957,2009,8,21
953.5,2009,8,24
946.3,2009,8,25
947.5,2009,8,26
944.2,2009,8,27
949.3,2009,8,28
959.5,2009,8,31
954.2,2009,9,1
954,2009,9,2
978.1,2009,9,3
992.6,2009,9,4
997.7,2009,9,8
1002,2009,9,9
996.2,2009,9,10
999.7,2009,9,11
1002.9,2009,9,14
998,2009,9,15
1014.7,2009,9,16
1017.2,2009,9,17
1013.9,2009,9,18
1003.7,2009,9,21
1011.5,2009,9,22
1014.4,2009,9,23
1015,2009,9,24
997.3,2009,9,25
993.2,2009,9,28
990.5,2009,9,29
992.5,2009,9,30
1007.4,2009,10,1
998.8,2009,10,2
1004.1,2009,10,5
1019.5,2009,10,6
1038.3,2009,10,7
1045.8,2009,10,8
1049.3,2009,10,9
1049,2009,10,12
1064,2009,10,13
1064,2009,10,14
1062.2,2009,10,15
1051.5,2009,10,16
1053.6,2009,10,19
1065.5,2009,10,20
1053.7,2009,10,21
1061.2,2009,10,22
1063.8,2009,10,23
1055.6,2009,10,26
1039.5,2009,10,27
1042.1,2009,10,28
1035.2,2009,10,29
1045.5,2009,10,30
1043.5,2009,11,2
1063.6,2009,11,3
1082.2,2009,11,4
1086,2009,11,5
1092.5,2009,11,6
1098.6,2009,11,9
1100.9,2009,11,10
1106.3,2009,11,11
1121.3,2009,11,12
1105,2009,11,13
1136.5,2009,11,16
1131.3,2009,11,17
1136.5,2009,11,18
1143,2009,11,19
1144.9,2009,11,20
1164.3,2009,11,23
1168.7,2009,11,24
1186.9,2009,11,25
1192.8,2009,11,27
1179.9,2009,11,30
1181,2009,12,1
1196.4,2009,12,2
1218,2009,12,3
1207.8,2009,12,4
1157.6,2009,12,7
1159.5,2009,12,8
1130.3,2009,12,9
1131.5,2009,12,10
1132.7,2009,12,11
1114.5,2009,12,14
1127.9,2009,12,15
1125.7,2009,12,16
1141.5,2009,12,17
1098,2009,12,18
1115.5,2009,12,21
1094.4,2009,12,22
1086.2,2009,12,23
1092,2009,12,24
1111.8,2009,12,28
1105,2009,12,29
1096.5,2009,12,30
1094,2009,12,31
1097.1,2010,1,4
1122,2010,1,5
1120.7,2010,1,6
1132.1,2010,1,7
1124.9,2010,1,8
1143,2010,1,11
1155,2010,1,12
1128.1,2010,1,13
1137,2010,1,14
1132.8,2010,1,15
1131.1,2010,1,19
1133,2010,1,20
1104.8,2010,1,21
1091.4,2010,1,22
1100.4,2010,1,25
1094.7,2010,1,26
1094.4,2010,1,27
1087.8,2010,1,28
1085,2010,1,29
1081,2010,2,1
1106.8,2010,2,2
1115.8,2010,2,3
1110,2010,2,4
1068.3,2010,2,5
1067.5,2010,2,8
1063.4,2010,2,9
1078,2010,2,10
1076.8,2010,2,11
1089.6,2010,2,12
1094.8,2010,2,16
1116.4,2010,2,17
1104.5,2010,2,18
1107.3,2010,2,19
1123.4,2010,2,22
1116.4,2010,2,23
1106.2,2010,2,24
1100.6,2010,2,25
1106.8,2010,2,26
1119.3,2010,3,1
1117.7,2010,3,2
1133.7,2010,3,3
1134.7,2010,3,4
1131.3,2010,3,5
1134.6,2010,3,8
1123.2,2010,3,9
1127.1,2010,3,10
1107.5,2010,3,11
1117.4,2010,3,12
1104.2,2010,3,15
1114.5,2010,3,16
1127.8,2010,3,17
1121.1,2010,3,18
1124.2,2010,3,19
1102.1,2010,3,22
1094.8,2010,3,23
1092.4,2010,3,24
1092.4,2010,3,25
1098.4,2010,3,26
1110.7,2010,3,29
1109.7,2010,3,30
1103.1,2010,3,31
1112.9,2010,4,1
1122.3,2010,4,5
1130.8,2010,4,6
1135.8,2010,4,7
1146.4,2010,4,8
1150.7,2010,4,9
1168.5,2010,4,12
1155.5,2010,4,13
1151.2,2010,4,14
1157.5,2010,4,15
1159.6,2010,4,16
1133.9,2010,4,19
1136.4,2010,4,20
1142.6,2010,4,21
1144,2010,4,22
1139.5,2010,4,23
1160.1,2010,4,26
1152.8,2010,4,27
1166.2,2010,4,28
1166.8,2010,4,29
1170,2010,4,30
1178.6,2010,5,3
1181,2010,5,4
1167.5,2010,5,5
1175.9,2010,5,6
1205,2010,5,7
1202,2010,5,10
1204.2,2010,5,11
1230.6,2010,5,12
1235.3,2010,5,13
1236.2,2010,5,14
1233.3,2010,5,17
1214.1,2010,5,18
1224.1,2010,5,19
1179.5,2010,5,20
1182.4,2010,5,21
1184,2010,5,24
1195.6,2010,5,25
1213.3,2010,5,26
1211.7,2010,5,27
1210.4,2010,5,28
1217,2010,6,1
1224.9,2010,6,2
1223.7,2010,6,3
1207.6,2010,6,4
1220.4,2010,6,7
1241.5,2010,6,8
1237,2010,6,9
1232.8,2010,6,10
1219.5,2010,6,11
1230.2,2010,6,14
1222.6,2010,6,15
1232,2010,6,16
1233.9,2010,6,17
1247.7,2010,6,18
1257.4,2010,6,21
1239.5,2010,6,22
1240.2,2010,6,23
1236.4,2010,6,24
1246.7,2010,6,25
1254.5,2010,6,28
1239.4,2010,6,29
1244.2,2010,6,30
1241.7,2010,7,1
1201.4,2010,7,2
1207.3,2010,7,6
1185.8,2010,7,7
1203.3,2010,7,8
1199.2,2010,7,9
1206.2,2010,7,12
1205.2,2010,7,13
1212,2010,7,14
1213.2,2010,7,15
1200.9,2010,7,16
1182.2,2010,7,19
1183.2,2010,7,20
1190.7,2010,7,21
1194.4,2010,7,22
1193.7,2010,7,23
1192.6,2010,7,26
1174,2010,7,27
1159.8,2010,7,28
1163.8,2010,7,29
1168.2,2010,7,30
1181.8,2010,8,2
1183.8,2010,8,3
1186.3,2010,8,4
1194.3,2010,8,5
1195.4,2010,8,6
1205.8,2010,8,9
1200.5,2010,8,10
1202.8,2010,8,11
1200.5,2010,8,12
1212.8,2010,8,13
1218,2010,8,16
1227.4,2010,8,17
1226,2010,8,18
1229.6,2010,8,19
1232.5,2010,8,20
1228.9,2010,8,23
1223,2010,8,24
1230.7,2010,8,25
1240.9,2010,8,26
1235.7,2010,8,27
1237.1,2010,8,30
1237.1,2010,8,31
1252.3,2010,9,1
1247.1,2010,9,2
1240,2010,9,3
1256.1,2010,9,7
1260.2,2010,9,8
1253.9,2010,9,9
1239,2010,9,10
1242.6,2010,9,13
1253.8,2010,9,14
1268.4,2010,9,15
1268.7,2010,9,16
1275.8,2010,9,17
1281.7,2010,9,20
1278.2,2010,9,21
1293.5,2010,9,22
1289.4,2010,9,23
1296.8,2010,9,24
1297.8,2010,9,27
1287.5,2010,9,28
1309.4,2010,9,29
1307.2,2010,9,30
1309,2010,10,1
1318.3,2010,10,4
1312.9,2010,10,5
1339.1,2010,10,6
1347.9,2010,10,7
1333.5,2010,10,8
1346.7,2010,10,11
1346.9,2010,10,12
1356.4,2010,10,13
1372.8,2010,10,14
1379.2,2010,10,15
1358,2010,10,18
1366.8,2010,10,19
1336,2010,10,20
1344.2,2010,10,21
1326.7,2010,10,22
1333.6,2010,10,25
1341.2,2010,10,26
1341,2010,10,27
1327.9,2010,10,28
1340.2,2010,10,29
1360.3,2010,11,1
1356.8,2010,11,2
1351.4,2010,11,3
1368.6,2010,11,4
1390.7,2010,11,5
1390.5,2010,11,8
1405.2,2010,11,9
1395.2,2010,11,10
1400.7,2010,11,11
1407.9,2010,11,12
1363.7,2010,11,15
1356.5,2010,11,16
1336.9,2010,11,17
1349.5,2010,11,18
1350.7,2010,11,19
1357.7,2010,11,22
1369.4,2010,11,23
1377.8,2010,11,24
1372.1,2010,11,26
1364,2010,11,29
1366.7,2010,11,30
1386.8,2010,12,1
1387.6,2010,12,2
1385.1,2010,12,3
1414,2010,12,6
1424.5,2010,12,7
1402.5,2010,12,8
1380.6,2010,12,9
1388.9,2010,12,10
1384.5,2010,12,13
1401.9,2010,12,14
1394,2010,12,15
1380.9,2010,12,16
1376.4,2010,12,17
1379.5,2010,12,20
1385.8,2010,12,21
1388,2010,12,22
1388.4,2010,12,23
1373.5,2010,12,27
1389.8,2010,12,28
1403.4,2010,12,29
1413.8,2010,12,30
1405.7,2010,12,31
1415.6,2011,1,3
1409.6,2011,1,4
1383.4,2011,1,5
1374.8,2011,1,6
1372.7,2011,1,7
1369,2011,1,10
1375.4,2011,1,11
1382.6,2011,1,12
1386.1,2011,1,13
1375,2011,1,14
1365.1,2011,1,18
1371.9,2011,1,19
1367.7,2011,1,20
1341.7,2011,1,21
1352.3,2011,1,24
1330.4,2011,1,25
1339.8,2011,1,26
1342,2011,1,27
1314,2011,1,28
1339,2011,1,31
1333.1,2011,2,1
1344,2011,2,2
1335.6,2011,2,3
1354.8,2011,2,4
1345.8,2011,2,7
1351.2,2011,2,8
1362.8,2011,2,9
1364.3,2011,2,10
1364,2011,2,11
1357.8,2011,2,14
1361.6,2011,2,15
1373.6,2011,2,16
1377.7,2011,2,17
1384.1,2011,2,18
1395.1,2011,2,22
1397.8,2011,2,23
1415.1,2011,2,24
1401.7,2011,2,25
1410.7,2011,2,28
1415.3,2011,3,1
1432.5,2011,3,2
1432.3,2011,3,3
1418.9,2011,3,4
1434.5,2011,3,7
1431.6,2011,3,8
1430,2011,3,9
1429.5,2011,3,10
1413.7,2011,3,11
1420,2011,3,14
1413.3,2011,3,15
1398,2011,3,16
1387.7,2011,3,17
1406.4,2011,3,18
1433.5,2011,3,21
1430.4,2011,3,22
1432.2,2011,3,23
1437.7,2011,3,24
1436,2011,3,25
1413.2,2011,3,28
1416,2011,3,29
1418.7,2011,3,30
1423.3,2011,3,31
1433.4,2011,4,1
1429.1,2011,4,4
1437.9,2011,4,5
1456.9,2011,4,6
1459.7,2011,4,7
1457.6,2011,4,8
1476,2011,4,11
1461.8,2011,4,12
1455,2011,4,13
1456.8,2011,4,14
1477.6,2011,4,15
1486.3,2011,4,18
1493.3,2011,4,19
1494,2011,4,20
1503.7,2011,4,21
1513.3,2011,4,25
1501.5,2011,4,26
1507.1,2011,4,27
1528.6,2011,4,28
1538.7,2011,4,29
1572.9,2011,5,2
1542.5,2011,5,3
1535,2011,5,4
1514.7,2011,5,5
1473.2,2011,5,6
1501.5,2011,5,9
1508.4,2011,5,10
1524,2011,5,11
1492.1,2011,5,12
1503.5,2011,5,13
1489.3,2011,5,16
1489.8,2011,5,17
1496.4,2011,5,18
1491.5,2011,5,19
1499,2011,5,20
1510.5,2011,5,23
1527.1,2011,5,24
1526.4,2011,5,25
1521.2,2011,5,26
1519.4,2011,5,27
1536.7,2011,5,31
1535.7,2011,6,1
1541.3,2011,6,2
1534.7,2011,6,3
1542.9,2011,6,6
1545,2011,6,7
1544.2,2011,6,8
1536.1,2011,6,9
1543.7,2011,6,10
1528.1,2011,6,13
1517.2,2011,6,14
1525,2011,6,15
1526,2011,6,16
1523,2011,6,17
1536,2011,6,20
1540.1,2011,6,21
1547.2,2011,6,22
1547.2,2011,6,23
1524.7,2011,6,24
1503.5,2011,6,27
1499.9,2011,6,28
1504.1,2011,6,29
1511.5,2011,6,30
1502.2,2011,7,1
1490.4,2011,7,5
1513.7,2011,7,6
1529.1,2011,7,7
1527,2011,7,8
1550,2011,7,11
1548.2,2011,7,12
1574,2011,7,13
1586.3,2011,7,14
1582.3,2011,7,15
1592.8,2011,7,18
1608.1,2011,7,19
1584.3,2011,7,20
1598,2011,7,21
1588.5,2011,7,22
1610,2011,7,25
1609.8,2011,7,26
1619.7,2011,7,27
1614.2,2011,7,28
1617.1,2011,7,29
1623,2011,8,1
1619.3,2011,8,2
1659.9,2011,8,3
1660.5,2011,8,4
1647.5,2011,8,5
1679.1,2011,8,8
1722.5,2011,8,9
1744,2011,8,10
1795.1,2011,8,11
1760.6,2011,8,12
1734.9,2011,8,15
1769,2011,8,16
1784.8,2011,8,17
1786.5,2011,8,18
1823.7,2011,8,19
1868.6,2011,8,22
1909,2011,8,23
1833,2011,8,24
1748.4,2011,8,25
1768.5,2011,8,26
1817.9,2011,8,29
1787.2,2011,8,30
1830.6,2011,8,31
1825.8,2011,9,1
1828.6,2011,9,2
1886.3,2011,9,6
1868.9,2011,9,7
1839.3,2011,9,8
1858.1,2011,9,9
1852.4,2011,9,12
1817.8,2011,9,13
1843,2011,9,14
1816.3,2011,9,15
1768.5,2011,9,16
1814.7,2011,9,19
1778.8,2011,9,20
1808,2011,9,21
1773.2,2011,9,22
1737.3,2011,9,23
1646.4,2011,9,26
1653.8,2011,9,27
1650,2011,9,28
1604,2011,9,29
1620.8,2011,9,30
1627.8,2011,10,3
1661,2011,10,4
1629.3,2011,10,5
1642.6,2011,10,6
1657,2011,10,7
1645.6,2011,10,10
1685,2011,10,11
1667.1,2011,10,12
1676.1,2011,10,13
1665.8,2011,10,14
1683.6,2011,10,17
1666,2011,10,18
1659.3,2011,10,19
1643.2,2011,10,20
1626.1,2011,10,21
1646.2,2011,10,24
1645,2011,10,25
1717,2011,10,26
1717.8,2011,10,27
1752,2011,10,28
1741.9,2011,10,31
1706.7,2011,11,1
1724.3,2011,11,2
1740.5,2011,11,3
1757,2011,11,4
1771.5,2011,11,7
1785.7,2011,11,8
1793,2011,11,9
1766.8,2011,11,10
1777,2011,11,11
1779,2011,11,14
1779.2,2011,11,15
1777.5,2011,11,16
1755.3,2011,11,17
1725,2011,11,18
1704.6,2011,11,21
1675.4,2011,11,22
1691.2,2011,11,23
1690.1,2011,11,25
1710.8,2011,11,28
1711.3,2011,11,29
1714,2011,11,30
1747,2011,12,1
1744.8,2011,12,2
1748.9,2011,12,5
1722.1,2011,12,6
1730.6,2011,12,7
1742,2011,12,8
1713.3,2011,12,9
1707.5,2011,12,12
1654.7,2011,12,13
1636.5,2011,12,14
1571.4,2011,12,15
1587.4,2011,12,16
1596.4,2011,12,19
1596.4,2011,12,20
1615.6,2011,12,21
1608.8,2011,12,22
1612,2011,12,23
1599,2011,12,27
1584.9,2011,12,28
1559.3,2011,12,29
1549.4,2011,12,30
1568.9,2012,1,3
1596.6,2012,1,4
1610.8,2012,1,5
1622.5,2012,1,6
1614.3,2012,1,9
1619.9,2012,1,10
1634.8,2012,1,11
1645.2,2012,1,12
1638.9,2012,1,13
1643.7,2012,1,17
1654,2012,1,18
1663,2012,1,19
1652.8,2012,1,20
1676.9,2012,1,23
1666.9,2012,1,24
1673,2012,1,25
1729,2012,1,26
1727,2012,1,27
1737.2,2012,1,30
1731.7,2012,1,31
1738.2,2012,2,1
1745.1,2012,2,2
1758.7,2012,2,3
1728,2012,2,6
1722,2012,2,7
1744,2012,2,8
1731.4,2012,2,9
1732.7,2012,2,10
1725,2012,2,13
1720,2012,2,14
1723.6,2012,2,15
1718.4,2012,2,16
1733.6,2012,2,17
1736.1,2012,2,21
1758.7,2012,2,22
1774,2012,2,23
1778.5,2012,2,24
1773.6,2012,2,27
1767.9,2012,2,28
1789.9,2012,2,29
1698.6,2012,3,1
1723,2012,3,2
1705.5,2012,3,5
1708.7,2012,3,6
1676,2012,3,7
1686.4,2012,3,8
1698.8,2012,3,9
1708.1,2012,3,12
1698.4,2012,3,13
1676.9,2012,3,14
1646.3,2012,3,15
1660,2012,3,16
1661.2,2012,3,19
1648.1,2012,3,20
1657.8,2012,3,21
1648,2012,3,22
1652.5,2012,3,23
1665,2012,3,26
1687.8,2012,3,27
1670.1,2012,3,28
1661.8,2012,3,29
1660.6,2012,3,30
1670.4,2012,4,2
1677.6,2012,4,3
1646.5,2012,4,4
1620.8,2012,4,5
1645.3,2012,4,9
1649,2012,4,10
1654.8,2012,4,11
1660,2012,4,12
1673.3,2012,4,13
1650.8,2012,4,16
1652,2012,4,17
1653.2,2012,4,18
1642.1,2012,4,19
1641.7,2012,4,20
1642.4,2012,4,23
1634.4,2012,4,24
1641.3,2012,4,25
1658.3,2012,4,26
1654.5,2012,4,27
1663,2012,4,30
1665,2012,5,1
1659.2,2012,5,2
1651.2,2012,5,3
1635.7,2012,5,4
1637.9,2012,5,7
1636.7,2012,5,8
1595.3,2012,5,9
1594.2,2012,5,10
1586.1,2012,5,11
1563,2012,5,14
1555.4,2012,5,15
1541.4,2012,5,16
1546.9,2012,5,17
1573.7,2012,5,18
1591.9,2012,5,21
1575.7,2012,5,22
1538.2,2012,5,23
1559,2012,5,24
1558.2,2012,5,25
1574.7,2012,5,29
1553.9,2012,5,30
1562.7,2012,5,31
1560,2012,6,1
1623,2012,6,4
1619.3,2012,6,5
1619.7,2012,6,6
1622.6,2012,6,7
1589.9,2012,6,8
1608,2012,6,11
1594.1,2012,6,12
1608.2,2012,6,13
1621.2,2012,6,14
1624.3,2012,6,15
1622.6,2012,6,18
1629.8,2012,6,19
1618.3,2012,6,20
1603.2,2012,6,21
1565.5,2012,6,22
1574.9,2012,6,25
1583.5,2012,6,26
1567,2012,6,27
1573.7,2012,6,28
1562.6,2012,6,29
1597.1,2012,7,2
1603.8,2012,7,3
1618.5,2012,7,5
1592.3,2012,7,6
1582.1,2012,7,9
1599.2,2012,7,10
1577.4,2012,7,11
1569.3,2012,7,12
1567.8,2012,7,13
1586.2,2012,7,16
1596,2012,7,17
1581.2,2012,7,18
1580,2012,7,19
1583.9,2012,7,20
1571.7,2012,7,23
1574,2012,7,24
1583.7,2012,7,25
1614.9,2012,7,26
1613.4,2012,7,27
1622.9,2012,7,30
1621.1,2012,7,31
1613.4,2012,8,1
1600,2012,8,2
1589.3,2012,8,3
1604.7,2012,8,6
1610.8,2012,8,7
1610.2,2012,8,8
1612.8,2012,8,9
1615.8,2012,8,10
1622,2012,8,13
1612.8,2012,8,14
1593.8,2012,8,15
1600.2,2012,8,16
1617.8,2012,8,17
1614,2012,8,20
1620,2012,8,21
1638.4,2012,8,22
1659.9,2012,8,23
1665.8,2012,8,24
1674.9,2012,8,27
1659.9,2012,8,28
1667.2,2012,8,29
1655.4,2012,8,30
1658.6,2012,8,31
1689.1,2012,9,4
1690.4,2012,9,5
1696.4,2012,9,6
1696.7,2012,9,7
1733.1,2012,9,10
1736,2012,9,11
1742.2,2012,9,12
1728.7,2012,9,13
1771,2012,9,14
1774.8,2012,9,17
1766.3,2012,9,18
1776,2012,9,19
1769.1,2012,9,20
1785.3,2012,9,21
1762.1,2012,9,24
1772.6,2012,9,25
1762.8,2012,9,26
1752.6,2012,9,27
1776.8,2012,9,28
1766,2012,10,1
1777.9,2012,10,2
1772.2,2012,10,3
1783.5,2012,10,4
1792.2,2012,10,5
1778,2012,10,8
1776.7,2012,10,9
1762.4,2012,10,10
1761.6,2012,10,11
1769.5,2012,10,12
1750,2012,10,15
1736.7,2012,10,16
1749.4,2012,10,17
1749.1,2012,10,18
1741.1,2012,10,19
1715,2012,10,22
1726.6,2012,10,23
1708.4,2012,10,24
1711.7,2012,10,25
1706.1,2012,10,26
1712,2012,10,29
1709.1,2012,10,30
1714.4,2012,10,31
1722.3,2012,11,1
1711.3,2012,11,2
1682.8,2012,11,5
1690.1,2012,11,6
1707.7,2012,11,7
1715.9,2012,11,8
1733.7,2012,11,9
1733.2,2012,11,12
1721.6,2012,11,13
1722,2012,11,14
1724.9,2012,11,15
1710,2012,11,16
1721.8,2012,11,19
1730.6,2012,11,20
1725.8,2012,11,21
1735,2012,11,23
1750.3,2012,11,26
1746.4,2012,11,27
1739.8,2012,11,28
1719.6,2012,11,29
1725.2,2012,11,30
1714.9,2012,12,3
1716.3,2012,12,4
1697.1,2012,12,5
1694.3,2012,12,6
1701.2,2012,12,7
1704.2,2012,12,10
1710,2012,12,11
1710.1,2012,12,12
1707.2,2012,12,13
1698.3,2012,12,14
1690.5,2012,12,17
1701.4,2012,12,18
1675.3,2012,12,19
1667.9,2012,12,20
1648,2012,12,21
1657.7,2012,12,24
1654.5,2012,12,26
1656.2,2012,12,27
1664,2012,12,28
1655.4,2012,12,31
1672.8,2013,1,2
1686.1,2013,1,3
1647,2013,1,4
1656.5,2013,1,7
1647.7,2013,1,8
1658.6,2013,1,9
1672.5,2013,1,10
1673.1,2013,1,11
1665.4,2013,1,14
1671.6,2013,1,15
1674.4,2013,1,16
1676.4,2013,1,17
1687.4,2013,1,18
1690.3,2013,1,22
1691.3,2013,1,23
1680.8,2013,1,24
1663,2013,1,25
1651.6,2013,1,28
1661.2,2013,1,29
1662.4,2013,1,30
1675.4,2013,1,31
1663.9,2013,2,1
1668,2013,2,4
1674.2,2013,2,5
1672.2,2013,2,6
1677,2013,2,7
1671.5,2013,2,8
1666.5,2013,2,11
1643.8,2013,2,12
1652.2,2013,2,13
1641.1,2013,2,14
1633.2,2013,2,15
1610,2013,2,19
1604.7,2013,2,20
1568.5,2013,2,21
1580,2013,2,22
1579.4,2013,2,25
1593.3,2013,2,26
1612.8,2013,2,27
1596,2013,2,28
1579.6,2013,3,1
1580.8,2013,3,4
1577.6,2013,3,5
1577.6,2013,3,6
1580,2013,3,7
1578.6,2013,3,8
1576,2013,3,11
1579.8,2013,3,12
1592.3,2013,3,13
1585.7,2013,3,14
1590.5,2013,3,15
1605.9,2013,3,18
1613.1,2013,3,19
1610,2013,3,20
1612.8,2013,3,21
1611,2013,3,22
1607.1,2013,3,25
1595.8,2013,3,26
1598.5,2013,3,27
1604.7,2013,3,28
1596.8,2013,4,1
1599.2,2013,4,2
1575.7,2013,4,3
1557.3,2013,4,4
1553.2,2013,4,5
1575.8,2013,4,8
1571.6,2013,4,9
1584.4,2013,4,10
1557.1,2013,4,11
1560.8,2013,4,12
1478.2,2013,4,15
1358,2013,4,16
1373.2,2013,4,17
1347.5,2013,4,18
1419.3,2013,4,19
1406.8,2013,4,22
1429.5,2013,4,23
1423.2,2013,4,24
1433,2013,4,25
1467.4,2013,4,26
1462.7,2013,4,29
1471.1,2013,4,30
1475.8,2013,5,1
1459,2013,5,2
1465.5,2013,5,3
1468.1,2013,5,6
1462,2013,5,7
1455.5,2013,5,8
1471.2,2013,5,9
1455.6,2013,5,10
1440,2013,5,13
1430.1,2013,5,14
1425.7,2013,5,15
1390.4,2013,5,16
1386.7,2013,5,17
1342.9,2013,5,20
1386.5,2013,5,21
1387.2,2013,5,22
1380.6,2013,5,23
1386.8,2013,5,24
1385.95,2013,5,27
1380.8,2013,5,28
1391.3,2013,5,29
1392.1,2013,5,30
1412.4,2013,5,31
1389.1,2013,6,3
1410.9,2013,6,4
1397.5,2013,6,5
1401.7,2013,6,6
1411.5,2013,6,7
1378.8,2013,6,10
1384.2,2013,6,11
1375,2013,6,12
1386.8,2013,6,13
1383.9,2013,6,14
1390.3,2013,6,17
1383.1,2013,6,18
1368.1,2013,6,19
1348.1,2013,6,20
1280.4,2013,6,21
1297.3,2013,6,24
1281.3,2013,6,25
1273.9,2013,6,26
1224.7,2013,6,27
1200.9,2013,6,28
1234.7,2013,7,1
1254.1,2013,7,2
1243.8,2013,7,3
1254.55,2013,7,4
1252.7,2013,7,5
1218.8,2013,7,8
1234.7,2013,7,9
1244.6,2013,7,10
1284.6,2013,7,11
1282.3,2013,7,12
1292.1,2013,7,15
1279.4,2013,7,16
1286.2,2013,7,17
1275.3,2013,7,18
1291.7,2013,7,19
1317,2013,7,22
1334.8,2013,7,23
1342.2,2013,7,24
1318.5,2013,7,25
1326.5,2013,7,26
1328.4,2013,7,29
1327.2,2013,7,30
1325.5,2013,7,31
1323,2013,8,1
1306.7,2013,8,2
1311.2,2013,8,5
1303,2013,8,6
1282.5,2013,8,7
1283.9,2013,8,8
1315.1,2013,8,9
1317.2,2013,8,12
1331.9,2013,8,13
1317.7,2013,8,14
1340.1,2013,8,15
1366.8,2013,8,16
1379,2013,8,19
1355,2013,8,20
1372.5,2013,8,21
1362,2013,8,22
1376.8,2013,8,23
1398.6,2013,8,26
1403.8,2013,8,27
1417.3,2013,8,28
1417.4,2013,8,29
1407.2,2013,8,30
1380.4,2013,9,2
1393,2013,9,3
1413,2013,9,4
1393.5,2013,9,5
1371,2013,9,6
1389.8,2013,9,9
1377.5,2013,9,10
1365.8,2013,9,11
1360,2013,9,12
1322.9,2013,9,13
1328.4,2013,9,16
1313,2013,9,17
1292.1,2013,9,18
1362.9,2013,9,19
1347.5,2013,9,20
1327.1,2013,9,23
1321.2,2013,9,24
1322.7,2013,9,25
1335.2,2013,9,26
1321.5,2013,9,27
1345.8,2013,9,30
1328,2013,10,1
1288.5,2013,10,2
1312,2013,10,3
1316.2,2013,10,4
1313.8,2013,10,7
1326.5,2013,10,8
1317.6,2013,10,9
1303.4,2013,10,10
1286.9,2013,10,11
1275.8,2013,10,14
1270.5,2013,10,15
1282.8,2013,10,16
1307,2013,10,17
1318.8,2013,10,18
1316.8,2013,10,21
1313.9,2013,10,22
1331.9,2013,10,23
1334.5,2013,10,24
1346.2,2013,10,25
1351.4,2013,10,28
1359.6,2013,10,29
1340.8,2013,10,30
1334,2013,10,31
1325.7,2013,11,1
1314.6,2013,11,4
1313.3,2013,11,5
1313.5,2013,11,6
1323.6,2013,11,7
1308,2013,11,8
1281.6,2013,11,11
1282.3,2013,11,12
1274,2013,11,13
1280.2,2013,11,14
1287.7,2013,11,15
1284.7,2013,11,18
1274.2,2013,11,19
1269,2013,11,20
1245.7,2013,11,21
1243.2,2013,11,22
1231.1,2013,11,25
1243,2013,11,26
1241.6,2013,11,27
1237.9,2013,11,28
1237.8,2013,11,29
1251.4,2013,12,2
1219.2,2013,12,3
1225.1,2013,12,4
1240,2013,12,5
1228.7,2013,12,6
1230.2,2013,12,9
1239,2013,12,10
1261.9,2013,12,11
1253.5,2013,12,12
1226.7,2013,12,13
1238.4,2013,12,16
1237,2013,12,17
1231.5,2013,12,18
1226.6,2013,12,19
1190.9,2013,12,20
1205.2,2013,12,23
1199.8,2013,12,24
1207.1,2013,12,26
1213.4,2013,12,27
1215,2013,12,30
1196.4,2013,12,31
1203.6,2014,1,1
1204.3,2014,1,2
1221.7,2014,1,3
1232.8,2014,1,6
1239.3,2014,1,7
1227.5,2014,1,8
1225.8,2014,1,9
1235,2014,1,10
1250.6,2014,1,13
1251,2014,1,14
1243.1,2014,1,15
1239.3,2014,1,16
1239.7,2014,1,17
1255.7,2014,1,20
1256.4,2014,1,21
1241.7,2014,1,22
1235.2,2014,1,23
1258.3,2014,1,24
1259.8,2014,1,27
1257.9,2014,1,28
1262.2,2014,1,29
1267,2014,1,30
1243.6,2014,1,31
1242.4,2014,2,3
1258.4,2014,2,4
1254,2014,2,5
1258,2014,2,6
1258.3,2014,2,7
1269.6,2014,2,10
1274,2014,2,11
1290.5,2014,2,12
1293.3,2014,2,13
1301.7,2014,2,14
1323.7,2014,2,17
1322.9,2014,2,18
1318.3,2014,2,19
1310.7,2014,2,20
1320,2014,2,21
1324.3,2014,2,24
1336.4,2014,2,25
1341.2,2014,2,26
1329.3,2014,2,27
1329.8,2014,2,28
1335.9,2014,3,3
1350.4,2014,3,4
1334.8,2014,3,5
1338,2014,3,6
1349.5,2014,3,7
1336,2014,3,10
1340,2014,3,11
1349.1,2014,3,12
1366.8,2014,3,13
1376.1,2014,3,14
1386.1,2014,3,17
1359.3,2014,3,18
1357.1,2014,3,19
1333.7,2014,3,20
1339.1,2014,3,21
1333,2014,3,24
1315.5,2014,3,25
1315.2,2014,3,26
1294.7,2014,3,27
1292.2,2014,3,28
1294.3,2014,3,31
1285.1,2014,4,1
1280.2,2014,4,2
1290.8,2014,4,3
1285.5,2014,4,4
1301.4,2014,4,7
1296.6,2014,4,8
1309.5,2014,4,9
1311.8,2014,4,10
1319,2014,4,11
1320.1,2014,4,14
1322.7,2014,4,15
1302.7,2014,4,16
1300.1,2014,4,17
1290,2014,4,21
1289.2,2014,4,22
1284.3,2014,4,23
1284.6,2014,4,24
1293.8,2014,4,25
1305.4,2014,4,28
1295.5,2014,4,29
1296,2014,4,30
1288.7,2014,5,1
1276.7,2014,5,2
1305.6,2014,5,5
1309.4,2014,5,6
1310.3,2014,5,7
1291.5,2014,5,8
1287.3,2014,5,9
1282.1,2014,5,12
1295.5,2014,5,13
1292.8,2014,5,14
1302.5,2014,5,15
1293.3,2014,5,16
1293.7,2014,5,19
1290.7,2014,5,20
1287.4,2014,5,21
1294.2,2014,5,22
1293.2,2014,5,23
1293.9,2014,5,25
1291.6,2014,5,26
1291.9,2014,5,27
1259.3,2014,5,28
1258.3,2014,5,29
1255.1,2014,5,30
1250,2014,6,2
1244.1,2014,6,3
1245.1,2014,6,4
1244,2014,6,5
1253.4,2014,6,6
1252.7,2014,6,9
1252.4,2014,6,10
1259.9,2014,6,11
1260,2014,6,12
1272.5,2014,6,13
1279.8,2014,6,16
1272.8,2014,6,17
1269.9,2014,6,18
1277.2,2014,6,19
1321.4,2014,6,20
1312.3,2014,6,23
1315.6,2014,6,24
1315.3,2014,6,25
1319.6,2014,6,26
1317.4,2014,6,27
1315.3,2014,6,30
1326.7,2014,7,1
1326.8,2014,7,2
1327.3,2014,7,3
1321.1,2014,7,4
1319.6,2014,7,7
1318.4,2014,7,8
1324,2014,7,9
1330.5,2014,7,10
1337.9,2014,7,11
1332.8,2014,7,14
1307.4,2014,7,15
1298.4,2014,7,16
1303.1,2014,7,17
1322.7,2014,7,18
1311,2014,7,21
1306.1,2014,7,22
1304.5,2014,7,23
1297.5,2014,7,24
1294.8,2014,7,25
1307.4,2014,7,28
1310.9,2014,7,29
1298.6,2014,7,30
1295.1,2014,7,31
1284.1,2014,8,1
1294.4,2014,8,4
1288,2014,8,5
1288.1,2014,8,6
1305.3,2014,8,7
1310.8,2014,8,8
1308.4,2014,8,11
1306.2,2014,8,12
1308.8,2014,8,13
1311.8,2014,8,14
1311.7,2014,8,15
1301.4,2014,8,18
1298.8,2014,8,19
1295.4,2014,8,20
1290,2014,8,21
1276,2014,8,22
1424.9,2014,8,25
1289.4,2014,8,26
1281.5,2014,8,27
1284.5,2014,8,28
1289.5,2014,8,29
1288.5,2014,8,31
1287.6,2014,9,1
1284.5,2014,9,2
1266.3,2014,9,3
1268.7,2014,9,4
1263.2,2014,9,5
1268.4,2014,9,8
1246.8,2014,9,9
1256.7,2014,9,10
1237.4,2014,9,11
1227,2014,9,12
1226.7,2014,9,15
1238.3,2014,9,16
1236.2,2014,9,17
1216.2,2014,9,18
1218.3,2014,9,19
1214.9,2014,9,22
1221,2014,9,23
1216.8,2014,9,24
1209.5,2014,9,25
1214.1,2014,9,26
1216.3,2014,9,29
1214.8,2014,9,30
1207.7,2014,10,1
1215.3,2014,10,2
1212.4,2014,10,3
1338.3,2014,10,6
1209.1,2014,10,7
1210.2,2014,10,8
1223.9,2014,10,9
1223.5,2014,10,10
1229.8,2014,10,13
1235.9,2014,10,14
1243.7,2014,10,15
1242.1,2014,10,16
1237.4,2014,10,17
1237.3,2014,10,20
1251,2014,10,21
1244.8,2014,10,22
1228,2014,10,23
1229.4,2014,10,24
1230.2,2014,10,27
1224.9,2014,10,28
1224.3,2014,10,29
1213.7,2014,10,30
1199.6,2014,10,31
1166.4,2014,11,3
1166.9,2014,11,4
1168.1,2014,11,5
1141.1,2014,11,6
1139.9,2014,11,7
1171,2014,11,10
1155,2014,11,11
1162.5,2014,11,12
1163.7,2014,11,13
1155.2,2014,11,14
1183.1,2014,11,17
1197.1,2014,11,18
1196.5,2014,11,19
1191.8,2014,11,20
1191,2014,11,21
1197.7,2014,11,24
1197.1,2014,11,25
1200.5,2014,11,26
1197.3,2014,11,27
1197,2014,11,28
1160,2014,12,1
1212.3,2014,12,2
1198.1,2014,12,3
1208.2,2014,12,4
1203.1,2014,12,5
1190.6,2014,12,8
1202,2014,12,9
1231.2,2014,12,10
1226.6,2014,12,11
1227.8,2014,12,12
1223.1,2014,12,15
1197.2,2014,12,16
1198.2,2014,12,17
1189.7,2014,12,18
1198,2014,12,19
1198,2014,12,22
1179.3,2014,12,23
1177,2014,12,24
1175,2014,12,25
1177.2,2014,12,26
1186.5,2014,12,29
1181.4,2014,12,30
1335.4,2014,12,31
1184.1,2015,1,1
1337.7,2015,1,2
1340,2015,1,5
1362.2,2015,1,6
1353.6,2015,1,7
1351.6,2015,1,8
1357.4,2015,1,9
1357.4,2015,1,12
1377.4,2015,1,13
1364.5,2015,1,14
1380,2015,1,15
1404.9,2015,1,16
1281,2015,1,18
1279.4,2015,1,19
1380,2015,1,20
1391.1,2015,1,21
1425.2,2015,1,22
1417.6,2015,1,23
1405.6,2015,1,26
1414.7,2015,1,27
1402.2,2015,1,28
1380.2,2015,1,29
1384.6,2015,1,30
1382.4,2015,2,2
1367.3,2015,2,3
1367,2015,2,4
1354.9,2015,2,5
1332.6,2015,2,6
1339.9,2015,2,9
1331.2,2015,2,10
1319.2,2015,2,11
1318.7,2015,2,12
1325.2,2015,2,13
1228.2,2015,2,15
1228.7,2015,2,16
1323.3,2015,2,17
1301.5,2015,2,18
1306.9,2015,2,19
1303.2,2015,2,20
1298.7,2015,2,23
1293.1,2015,2,24
1296,2015,2,25
1306.1,2015,2,26
1309.4,2015,2,27
1305.8,2015,3,2
1304.2,2015,3,3
1300.6,2015,3,4
1296.1,2015,3,5
1265.6,2015,3,6
1268,2015,3,9
1258.1,2015,3,10
1248.4,2015,3,11
1249,2015,3,12
1248.9,2015,3,13
1249.3,2015,3,16
1244.5,2015,3,17
1247.5,2015,3,18
1259.5,2015,3,19
1274.7,2015,3,20
1277.5,2015,3,23
1281.2,2015,3,24
1287.3,2015,3,25
1297,2015,3,26
1291.9,2015,3,27
1276.4,2015,3,30
1272.2,2015,3,31
1294.2,2015,4,1
1288.2,2015,4,2
1288.2,2015,4,3
1305.4,2015,4,6
1298.4,2015,4,7
1291.1,2015,4,8
1281.6,2015,4,9
1293.3,2015,4,10
1287.8,2015,4,13
1278.1,2015,4,14
1286.5,2015,4,15
1283,2015,4,16
1288.1,2015,4,17
1279.3,2015,4,20
1289.1,2015,4,21
1274.7,2015,4,22
1282,2015,4,23
1260.4,2015,4,24
1289.2,2015,4,27
1301.4,2015,4,28
1300,2015,4,29
1273,2015,4,30
1266.1,2015,5,1
1279,2015,5,4
1288.2,2015,5,5
1286.7,2015,5,6
1278.5,2015,5,7
1282.5,2015,5,8
1277.3,2015,5,11
1287,2015,5,12
1312.2,2015,5,13
1319,2015,5,14
1318.9,2015,5,15
1321.2,2015,5,18
1317.5,2015,5,19
1303.5,2015,5,20
1298.1,2015,5,21
1299.7,2015,5,22
1205.8,2015,5,24
1204.6,2015,5,25
1288.9,2015,5,26
1278.6,2015,5,27
1280.5,2015,5,28
1280.7,2015,5,29
1280.4,2015,6,1
1287.8,2015,6,2
1279.9,2015,6,3
1270.1,2015,6,4
1264,2015,6,5
1272,2015,6,8
1276.8,2015,6,9
1288.6,2015,6,10
1282.6,2015,6,11
1281,2015,6,12
1285.8,2015,6,15
1279.4,2015,6,16
1276.9,2015,6,17
1300.8,2015,6,18
1299.4,2015,6,19
1282.1,2015,6,22
1274.8,2015,6,23
1271,2015,6,24
1270.3,2015,6,25
1273.1,2015,6,26
1278,2015,6,29
1270.8,2015,6,30
1268.5,2015,7,1
1261.5,2015,7,2
1164.7,2015,7,3
1270.6,2015,7,6
1249.5,2015,7,7
1258.6,2015,7,8
1255.1,2015,7,9
1256.6,2015,7,10
1255,2015,7,13
1252.4,2015,7,14
1246.3,2015,7,15
1243.2,2015,7,16
1230.7,2015,7,17
1205.5,2015,7,20
1199.5,2015,7,21
1187.6,2015,7,22
1190.1,2015,7,23
1180,2015,7,24
1190.6,2015,7,27
1190.6,2015,7,28
1187.5,2015,7,29
1183.4,2015,7,30
1183.1,2015,7,31
1176.8,2015,8,3
1178.7,2015,8,4
1177.1,2015,8,5
1181.6,2015,8,6
1185.8,2015,8,7
1195.8,2015,8,10
1197.7,2015,8,11
1213,2015,8,12
1205.1,2015,8,13
1202.3,2015,8,14
1207.9,2015,8,17
1206.3,2015,8,18
1217.1,2015,8,19
1242.2,2015,8,20
1246.8,2015,8,21
1238.9,2015,8,24
1223.7,2015,8,25
1209,2015,8,26
1207.2,2015,8,27
1218.4,2015,8,28
1216.9,2015,8,31
1221.3,2015,9,1
1214.4,2015,9,2
1203.5,2015,9,3
1200.5,2015,9,4
1122.3,2015,9,6
1119.5,2015,9,7
1199.9,2015,9,8
1180.7,2015,9,9
1187.9,2015,9,10
1181.9,2015,9,11
1185.7,2015,9,14
1180.5,2015,9,15
1188.4,2015,9,16
1194.9,2015,9,17
1214.1,2015,9,18
1209.4,2015,9,21
1199.6,2015,9,22
1206.3,2015,9,23
1226.9,2015,9,24
1218.8,2015,9,25
1204.4,2015,9,28
1199.1,2015,9,29
1183.6,2015,9,30
1182.1,2015,10,1
1204.2,2015,10,2
1203.5,2015,10,5
1211.3,2015,10,6
1214,2015,10,7
1209.9,2015,10,8
1222.4,2015,10,9
1231.1,2015,10,12
1231.7,2015,10,13
1243.6,2015,10,14
1251.4,2015,10,15
1246.6,2015,10,16
1236.3,2015,10,19
1240.9,2015,10,20
1229.7,2015,10,21
1228.2,2015,10,22
1218.7,2015,10,23
1220.3,2015,10,26
1218.2,2015,10,27
1229.3,2015,10,28
1201.8,2015,10,29
1195.2,2015,10,30
1190.4,2015,11,2
1168.6,2015,11,3
1161.2,2015,11,4
1160.1,2015,11,5
1147.9,2015,11,6
1149.2,2015,11,9
1149.4,2015,11,10
1145.4,2015,11,11
1141.3,2015,11,12
1141.3,2015,11,13
1142.5,2015,11,16
1131,2015,11,17
1126.9,2015,11,18
1135.2,2015,11,19
1133.8,2015,11,20
1124.7,2015,11,23
1131.6,2015,11,24
1128.4,2015,11,25
1070.1,2015,11,26
1114.5,2015,11,27
1123.9,2015,11,30
1122,2015,12,1
1112.4,2015,12,2
1120.6,2015,12,3
1143.2,2015,12,4
1134.3,2015,12,7
1134,2015,12,8
1134.9,2015,12,9
1130.3,2015,12,10
1133.8,2015,12,11
1121.4,2015,12,14
1119.8,2015,12,15
1135.3,2015,12,16
1108.1,2015,12,17
1123.3,2015,12,18
1140.5,2015,12,21
1134,2015,12,22
1128.2,2015,12,23
1135.9,2015,12,24
1128.1,2015,12,28
1128.6,2015,12,29
1120.8,2015,12,30
1121,2015,12,31
1135.5,2016,1,4
1138.4,2016,1,5
1151.9,2016,1,6
1162.7,2016,1,7
1151.7,2016,1,8
1148.5,2016,1,11
1137.1,2016,1,12
1137.4,2016,1,13
1123,2016,1,14
1137.5,2016,1,15
1088.6,2016,1,17
1090.2,2016,1,18
1135.8,2016,1,19
1151.7,2016,1,20
1143.6,2016,1,21
1142.6,2016,1,22
1152.4,2016,1,25
1167.3,2016,1,26
1163.9,2016,1,27
1163.7,2016,1,28
1161.9,2016,1,29
1173.5,2016,2,1
1170.1,2016,2,2
1183.3,2016,2,3
1197.7,2016,2,4
1220.4,2016,2,5
1243.8,2016,2,8
1236.9,2016,2,9
1232.6,2016,2,10
1269,2016,2,11
1271.2,2016,2,12
1235.7,2016,2,14
1234,2016,2,15
1230,2016,2,16
1247.2,2016,2,17
1262.5,2016,2,18
1267.4,2016,2,19
1246,2016,2,22
1261.4,2016,2,23
1277.1,2016,2,24
1277,2016,2,25
1258.8,2016,2,26
1273.3,2016,2,29
1271.2,2016,3,1
1283,2016,3,2
1300.7,2016,3,3
1315.6,2016,3,4
1310.3,2016,3,7
1309,2016,3,8
1304,2016,3,9
1299,2016,3,10
1308.6,2016,3,11
1285,2016,3,14
1280.2,2016,3,15
1280.9,2016,3,16
1314.1,2016,3,17
1302,2016,3,18
1292.7,2016,3,21
1298.8,2016,3,22
1299,2016,3,23
1272.4,2016,3,24
1216.7,2016,3,25
1270.7,2016,3,28
1286.3,2016,3,29
1276.9,2016,3,30
1280.9,2016,3,31
1268.9,2016,4,1
1264.7,2016,4,4
1274.5,2016,4,5
1268.8,2016,4,6
1282.3,2016,4,7
1287.3,2016,4,8
1302.4,2016,4,11
1306.4,2016,4,12
1293.9,2016,4,13
1272.1,2016,4,14
1279.7,2016,4,15
1280.3,2016,4,18
1300.8,2016,4,19
1302.3,2016,4,20
1299.5,2016,4,21
1278.8,2016,4,22
1289.1,2016,4,25
1292.4,2016,4,26
1299.8,2016,4,27
1316.8,2016,4,28
1341.4,2016,4,29
1347.3,2016,5,2
1342.8,2016,5,3
1324.3,2016,5,4
1317.8,2016,5,5
1340.1,2016,5,6
1312.9,2016,5,9
1311.3,2016,5,10
1322.6,2016,5,11
1317.7,2016,5,12
1319.5,2016,5,13
1321.8,2016,5,16
1324.9,2016,5,17
1324.3,2016,5,18
1305.9,2016,5,19
1305.9,2016,5,20
1304.9,2016,5,23
1282.7,2016,5,24
1277.4,2016,5,25
1273.6,2016,5,26
1267.6,2016,5,27
1208.25,2016,5,30
1269.3,2016,5,31
1267.2,2016,6,1
1264.9,2016,6,2
1294.6,2016,6,3
1299.4,2016,6,6
1298.8,2016,6,7
1314,2016,6,8
1324.4,2016,6,9
1327.7,2016,6,10
1337.7,2016,6,13
1335.2,2016,6,14
1335,2016,6,15
1345.6,2016,6,16
1342.9,2016,6,17
1344.2,2016,6,20
1324.6,2016,6,21
1322.1,2016,6,22
1317.7,2016,6,23
1376.8,2016,6,24
1378.8,2016,6,27
1372.2,2016,6,28
1381.4,2016,6,29
1375,2016,6,30
1394.3,2016,7,1
1344.5,2016,7,3
1345,2016,7,4
1414.4,2016,7,5
1422.8,2016,7,6
1415,2016,7,7
1412,2016,7,8
1411.3,2016,7,11
1390.7,2016,7,12
1399,2016,7,13
1387.7,2016,7,14
1383.5,2016,7,15
1385.4,2016,7,18
1392.3,2016,7,19
1379.7,2016,7,20
1392.2,2016,7,21
1385.5,2016,7,22
1381.3,2016,7,25
1382.6,2016,7,26
1392,2016,7,27
1402.8,2016,7,28
1415.7,2016,7,29
1416.2,2016,8,1
1429.4,2016,8,2
1423.9,2016,8,3
1427.9,2016,8,4
1407.9,2016,8,5
1405.3,2016,8,8
1409.9,2016,8,9
1415.6,2016,8,10
1414,2016,8,11
1406.8,2016,8,12
1410.6,2016,8,15
1410.7,2016,8,16
1410.6,2016,8,17
1419.1,2016,8,18
1408,2016,8,19
1405.2,2016,8,22
1407.8,2016,8,23
1389,2016,8,24
1384.4,2016,8,25
1383.2,2016,8,26
1384.4,2016,8,29
1374.5,2016,8,30
1367.9,2016,8,31
1372.6,2016,9,1
1385.3,2016,9,2
1328.2,2016,9,4
1326.35,2016,9,5
1411.1,2016,9,6
1407.1,2016,9,7
1400.2,2016,9,8
1393.1,2016,9,9
1384.4,2016,9,12
1380.8,2016,9,13
1386.7,2016,9,14
1379.3,2016,9,15
1367.1,2016,9,16
1374.4,2016,9,19
1374.7,2016,9,20
1388.3,2016,9,21
1399.2,2016,9,22
1396,2016,9,23
1398.6,2016,9,26
1384.4,2016,9,27
1376.7,2016,9,28
1379.1,2016,9,29
1383.5,2016,9,30
1365.9,2016,10,3
1322.1,2016,10,4
1321.3,2016,10,5
1305.5,2016,10,6
1304.5,2016,10,7
1313.9,2016,10,10
1309.5,2016,10,11
1307.7,2016,10,12
1312.3,2016,10,13
1310.4,2016,10,14
1311.8,2016,10,17
1318.6,2016,10,18
1325.2,2016,10,19
1323.5,2016,10,20
1323,2016,10,21
1317.2,2016,10,24
1331.6,2016,10,25
1324.6,2016,10,26
1330,2016,10,27
1337.1,2016,10,28
1333.7,2016,10,31
1348,2016,11,1
1368,2016,11,2
1351,2016,11,3
1365.7,2016,11,4
1340.4,2016,11,7
1336.2,2016,11,8
1334,2016,11,9
1326.6,2016,11,10
1282.7,2016,11,11
1286.9,2016,11,14
1290.9,2016,11,15
1290.3,2016,11,16
1340,2016,11,17
1276.4,2016,11,18
1276.8,2016,11,21
1278,2016,11,22
1256.9,2016,11,23
1189.2,2016,11,24
1245.5,2016,11,25
1258.6,2016,11,28
1255.5,2016,11,29
1238.4,2016,11,30
1233.7,2016,12,1
1242.4,2016,12,2
1236.7,2016,12,5
1235,2016,12,6
1250.6,2016,12,7
1246.4,2016,12,8
1236,2016,12,9
1240.3,2016,12,12
1233.6,2016,12,13
1238.3,2016,12,14
1213.1,2016,12,15
1220.9,2016,12,16
1225.9,2016,12,19
1217,2016,12,20
1216.5,2016,12,21
1213.8,2016,12,22
1216.8,2016,12,23
1135,2016,12,25
1135,2016,12,26
1221.9,2016,12,27
1224,2016,12,28
1241.2,2016,12,29
1239,2016,12,30
1151,2017,1,2
1232.4,2017,1,3
1247.1,2017,1,4
1262.1,2017,1,5
1256,2017,1,6
1262.8,2017,1,9
1268.5,2017,1,10
1280,2017,1,11
1283.3,2017,1,12
1281.3,2017,1,13
1197.3,2017,1,15
1203.25,2017,1,16
1297.4,2017,1,17
1295.7,2017,1,18
1284,2017,1,19
1289.2,2017,1,20
1298.9,2017,1,23
1299.6,2017,1,24
1281.1,2017,1,25
1275.1,2017,1,26
1271.7,2017,1,27
1276.4,2017,1,30
1291.8,2017,1,31
1289,2017,2,1
1300.6,2017,2,2
1302.2,2017,2,3
1313.3,2017,2,6
1314.1,2017,2,7
1323.9,2017,2,8
1315.4,2017,2,9
1319,2017,2,10
1304.9,2017,2,13
1304.9,2017,2,14
1314.2,2017,2,15
1322.7,2017,2,16
1319.4,2017,2,17
1236,2017,2,19
1237.25,2017,2,20
1319.2,2017,2,21
1313.3,2017,2,22
1331.7,2017,2,23
1338.4,2017,2,24
1339.1,2017,2,27
1334.3,2017,2,28
1331.1,2017,3,1
1313.9,2017,3,2
1308.8,2017,3,3
1360,2017,3,6
1307.6,2017,3,7
1291.9,2017,3,8
1285.7,2017,3,9
1284,2017,3,10
1294,2017,3,13
1286.3,2017,3,14
1284.3,2017,3,15
1310.7,2017,3,16
1313.6,2017,3,17
1317.2,2017,3,20
1316.5,2017,3,21
1331.5,2017,3,22
1328.5,2017,3,23
1330.4,2017,3,24
1337.4,2017,3,27
1338.7,2017,3,28
1335.5,2017,3,29
1344,2017,3,30
1339,2017,3,31
1332.7,2017,4,3
1333.1,2017,4,4
1327.5,2017,4,5
1332.4,2017,4,6
1336.8,2017,4,7
1333.3,2017,4,10
1353.4,2017,4,11
1357.3,2017,4,12
1366.7,2017,4,13
1289.65,2017,4,14
1369.8,2017,4,17
1370.9,2017,4,18
1360.5,2017,4,19
1361.7,2017,4,20
1359.8,2017,4,21
1355.8,2017,4,24
1346,2017,4,25
1343,2017,4,26
1344.7,2017,4,27
1347.1,2017,4,28
1392.6,2017,5,1
1336.1,2017,5,2
1326.9,2017,5,3
1312.1,2017,5,4
1305.8,2017,5,5
1306.1,2017,5,8
1306.1,2017,5,9
1305,2017,5,10
1302.9,2017,5,11
1305.7,2017,5,12
1307.5,2017,5,15
1312.7,2017,5,16
1336.2,2017,5,17
1339.8,2017,5,18
1329.9,2017,5,19
1338,2017,5,22
1332.1,2017,5,23
1329.7,2017,5,24
1333.3,2017,5,25
1344.8,2017,5,26
1266.31,2017,5,28
1268.02,2017,5,29
1339.1,2017,5,30
1348.5,2017,5,31
1343.2,2017,6,1
1353.1,2017,6,2
1355.6,2017,6,5
1370,2017,6,6
1365.6,2017,6,7
1351.9,2017,6,8
1343.9,2017,6,9
1341.5,2017,6,12
1342.8,2017,6,13
1348.2,2017,6,14
1326.8,2017,6,15
1328.5,2017,6,16
1318.8,2017,6,19
1315.2,2017,6,20
1317.1,2017,6,21
1320.4,2017,6,22
1327.7,2017,6,23
1317.7,2017,6,26
1318.4,2017,6,27
1320.8,2017,6,28
1322.8,2017,6,29
1314,2017,6,30
1289.9,2017,7,3
1224.3,2017,7,4
1293.9,2017,7,5
1296.7,2017,7,6
1282.3,2017,7,7
1286,2017,7,10
1287.7,2017,7,11
1291.2,2017,7,12
1288.5,2017,7,13
1289,2017,7,14
1305.4,2017,7,17
1313.5,2017,7,18
1313.7,2017,7,19
1317.1,2017,7,20
1325.9,2017,7,21
1323.6,2017,7,24
1323.2,2017,7,25
1322.4,2017,7,26
1333.7,2017,7,27
1342.6,2017,7,28
1340.7,2017,7,31
1346.3,2017,8,1
1345.5,2017,8,2
1341.6,2017,8,3
1331.7,2017,8,4
1326.4,2017,8,7
1330.4,2017,8,8
1347,2017,8,9
1357.8,2017,8,10
1361.4,2017,8,11
1358.1,2017,8,14
1347.5,2017,8,15
1350.8,2017,8,16
1359.9,2017,8,17
1362.7,2017,8,18
1364.1,2017,8,21
1358.6,2017,8,22
1361.7,2017,8,23
1358.9,2017,8,24
1364.8,2017,8,25
1381.9,2017,8,28
1385.7,2017,8,29
1380.9,2017,8,30
1389.5,2017,8,31
1397.1,2017,9,1
1340.54,2017,9,3
1341.21,2017,9,4
1411.2,2017,9,5
1405.9,2017,9,6
1418,2017,9,7
1419.3,2017,9,8
1404.1,2017,9,11
1406.6,2017,9,12
1396.7,2017,9,13
1399.2,2017,9,14
1395.1,2017,9,15
1380.3,2017,9,18
1382.6,2017,9,19
1388.3,2017,9,20
1367.3,2017,9,21
1369.4,2017,9,22
1382,2017,9,25
1374.1,2017,9,26
1360.7,2017,9,27
1361.3,2017,9,28
1357.6,2017,9,29
1350.1,2017,10,2
1353.3,2017,10,3
1351,2017,10,4
1348.3,2017,10,5
1350,2017,10,6
1362,2017,10,9
1374.7,2017,10,10
1364.5,2017,10,11
1372.3,2017,10,12
1372,2017,10,13
1382,2017,10,16
1362.5,2017,10,17
1359.3,2017,10,18
1365.9,2017,10,19
1356.2,2017,10,20
1356.9,2017,10,23
1354.2,2017,10,24
1355.5,2017,10,25
1346.5,2017,10,26
1351.7,2017,10,27
1354.9,2017,10,30
1347.7,2017,10,31
1354.6,2017,11,1
1355.4,2017,11,2
1346.9,2017,11,3
1359.7,2017,11,6
1353.9,2017,11,7
1362.3,2017,11,8
1366.8,2017,11,9
1354.5,2017,11,10
1360.4,2017,11,13
1364.2,2017,11,14
1358.7,2017,11,15
1359.4,2017,11,16
1378,2017,11,17
1357.6,2017,11,20
1364.8,2017,11,21
1376.4,2017,11,22
1291.19,2017,11,23
1371.6,2017,11,24
1378.7,2017,11,27
1379,2017,11,28
1382,2017,11,29
1357.3,2017,11,30
1362.8,2017,12,1
1358,2017,12,4
1345.1,2017,12,5
1346.2,2017,12,6
1327.6,2017,12,7
1330.5,2017,12,8
1326.8,2017,12,11
1321.9,2017,12,12
1328.7,2017,12,13
1342,2017,12,14
1337.4,2017,12,15
1345.6,2017,12,18
1344.8,2017,12,19
1350.4,2017,12,20
1351.3,2017,12,21
1353.7,2017,12,22
1278.9,2017,12,25
1368.5,2017,12,26
1372.3,2017,12,27
1372.1,2017,12,28
1391.9,2017,12,29
1305.8,2018,1,1
1400.1,2018,1,2
1399,2018,1,3
1407.3,2018,1,4
1408.3,2018,1,5
1407.4,2018,1,8
1398,2018,1,9
1408.3,2018,1,10
1411.4,2018,1,11
1425.7,2018,1,12
1337.7,2018,1,14
1337.3,2018,1,15
1428.1,2018,1,16
1431,2018,1,17
1419,2018,1,18
1425.9,2018,1,19
1429.6,2018,1,22
1434.2,2018,1,23
1456.3,2018,1,24
1463.1,2018,1,25
1453.7,2018,1,26
1441.3,2018,1,29
1436.2,2018,1,30
1439.4,2018,1,31
1445.1,2018,2,1
1434.6,2018,2,2
1432.9,2018,2,5
1425.4,2018,2,6
1410.7,2018,2,7
1414.8,2018,2,8
1410.1,2018,2,9
1420.9,2018,2,12
1424.8,2018,2,13
1452.9,2018,2,14
1451.5,2018,2,15
1452.8,2018,2,16
1349.7,2018,2,18
1350.4,2018,2,19
1428.4,2018,2,20
1430.6,2018,2,21
1431.4,2018,2,22
1429,2018,2,23
1433.1,2018,2,26
1419.6,2018,2,27
1419.2,2018,2,28
1406,2018,3,1
1424.2,2018,3,2
1420.5,2018,3,5
1435.9,2018,3,6
1427.9,2018,3,7
1423.7,2018,3,8
1428,2018,3,9
1424.8,2018,3,12
1433.4,2018,3,13
1429.7,2018,3,14
1421.7,2018,3,15
1416.3,2018,3,16
1421.7,2018,3,19
1416.2,2018,3,20
1426.6,2018,3,21
1432.2,2018,3,22
1455,2018,3,23
1461,2018,3,26
1447.8,2018,3,27
1428.9,2018,3,28
1426,2018,3,29
1445.8,2018,4,2
1436.5,2018,4,3
1439.7,2018,4,4
1428.1,2018,4,5
1435.9,2018,4,6
1439.6,2018,4,9
1445.5,2018,4,10
1460,2018,4,11
1441.4,2018,4,12
1447.9,2018,4,13
1450.6,2018,4,16
1449.3,2018,4,17
1460.1,2018,4,18
1453,2018,4,19
1442,2018,4,20
1424,2018,4,23
1433.1,2018,4,24
1422.9,2018,4,25
1418,2018,4,26
1423.6,2018,4,27
1419.1,2018,4,30
1406.4,2018,5,1
1405.3,2018,5,2
1412.4,2018,5,3
1414.7,2018,5,4
1414.2,2018,5,7
1413.8,2018,5,8
1413.5,2018,5,9
1422.1,2018,5,10
1420.4,2018,5,11
1417.9,2018,5,14
1405.3,2018,5,15
1392.1,2018,5,16
1390,2018,5,17
1391.3,2018,5,18
1391.1,2018,5,21
1392.1,2018,5,22
1389.2,2018,5,23
1404.2,2018,5,24
1403.2,2018,5,25
1299.8,2018,5,27
1298.4,2018,5,28
1393.7,2018,5,29
1396.7,2018,5,30
1395,2018,5,31
1392.4,2018,6,1
1389.6,2018,6,4
1394.5,2018,6,5
1393.9,2018,6,6
1394.8,2018,6,7
1394.8,2018,6,8
1395.9,2018,6,11
1392.2,2018,6,12
1393.9,2018,6,13
1401,2018,6,14
1369.7,2018,6,15
1371.5,2018,6,18
1369.6,2018,6,19
1376.8,2018,6,20
1360,2018,6,21
1365,2018,6,22
1353.7,2018,6,25
1350,2018,6,26
1345.5,2018,6,27
1340,2018,6,28
1343.7,2018,6,29
1329.7,2018,7,2
1342.2,2018,7,3
1256.2,2018,7,4
1347.4,2018,7,5
1344.6,2018,7,6
1348.8,2018,7,9
1344.9,2018,7,10
1333.1,2018,7,11
1335.2,2018,7,12
1327,2018,7,13
1327.5,2018,7,16
1320,2018,7,17
1315,2018,7,18
1302,2018,7,19
1316.8,2018,7,20
1307.6,2018,7,23
1310.8,2018,7,24
1316.7,2018,7,25
1311.5,2018,7,26
1309,2018,7,27
1306.9,2018,7,30
1309.8,2018,7,31
1304,2018,8,1
1308,2018,8,2
1288.8,2018,8,3
1302.8,2018,8,6
1294.2,2018,8,7
1296.8,2018,8,8
1295.8,2018,8,9
1294.6,2018,8,10
1274.1,2018,8,13
1273.4,2018,8,14
1265.8,2018,8,15
1258,2018,8,16
1258.1,2018,8,17
1266,2018,8,20
1272.9,2018,8,21
1280.2,2018,8,22
1265.2,2018,8,23
1285,2018,8,24
1288,2018,8,27
1286.4,2018,8,28
1283.3,2018,8,29
1276.1,2018,8,30
1277.7,2018,8,31
1206.2,2018,9,2
1204.9,2018,9,3
1270.2,2018,9,4
1266.1,2018,9,5
1275.7,2018,9,6
1272.1,2018,9,7
1271.6,2018,9,10
1274.4,2018,9,11
1269.6,2018,9,12
1281,2018,9,13
1273.8,2018,9,14
1278.4,2018,9,17
1275.7,2018,9,18
1281.5,2018,9,19
1284.4,2018,9,20
1274.3,2018,9,21
1277.4,2018,9,24
1278.2,2018,9,25
1271.8,2018,9,26
1260,2018,9,27
1270,2018,9,28
1264.4,2018,10,1
1280.7,2018,10,2
1276.7,2018,10,3
1275.5,2018,10,4
1280.2,2018,10,5
1262.9,2018,10,8
1265.8,2018,10,9
1267.7,2018,10,10
1271.2,2018,10,11
1296.3,2018,10,12
1305.4,2018,10,15
1305.8,2018,10,16
1301.9,2018,10,17
1305.1,2018,10,18
1303.8,2018,10,19
1299.8,2018,10,22
1312,2018,10,23
1305.5,2018,10,24
1306.7,2018,10,25
1309.7,2018,10,26
1301.1,2018,10,29
1296.7,2018,10,30
1291.1,2018,10,31
1312.2,2018,11,1
1307.3,2018,11,2
1306.4,2018,11,5
1300.4,2018,11,6
1302.8,2018,11,7
1299.3,2018,11,8
1282.2,2018,11,9
1276.8,2018,11,12
1274.7,2018,11,13
1283.2,2018,11,14
1287.6,2018,11,15
1294.9,2018,11,16
1297.5,2018,11,19
1293.4,2018,11,20
1300.8,2018,11,21
1226.4,2018,11,22
1296.1,2018,11,23
1295.8,2018,11,26
1286.5,2018,11,27
1296.4,2018,11,28
1297,2018,11,29
1289.7,2018,11,30
1306.4,2018,12,3
1313.6,2018,12,4
1309.6,2018,12,5
1313.9,2018,12,6
1319.5,2018,12,7
1314.8,2018,12,10
1312.9,2018,12,11
1315.8,2018,12,12
1313.2,2018,12,13
1307,2018,12,14
1317.4,2018,12,17
1318.5,2018,12,18
1321.3,2018,12,19
1333.1,2018,12,20
1323.1,2018,12,21
1337,2018,12,24
1272.5,2018,12,25
1343,2018,12,26
1346.5,2018,12,27
1348.3,2018,12,28
1347.1,2018,12,31
1284.7,2019,1,1
1349.5,2019,1,2
1359.8,2019,1,3
1351.8,2019,1,4
1355.2,2019,1,7
1351.1,2019,1,8
1357.3,2019,1,9
1353,2019,1,10
1355.4,2019,1,11
1357.2,2019,1,14
1353.7,2019,1,15
1359.3,2019,1,16
1357.9,2019,1,17
1348.1,2019,1,18
1281.3,2019,1,20
1281.95,2019,1,21
1348.4,2019,1,22
1349.3,2019,1,23
1344.9,2019,1,24
1360,2019,1,25
1369.8,2019,1,28
1375.6,2019,1,29
1377.6,2019,1,30
1384,2019,1,31
1382.6,2019,2,1
1378.3,2019,2,4
1378.6,2019,2,5
1373.8,2019,2,6
1373.6,2019,2,7
1377.8,2019,2,8
1371.2,2019,2,11
1373.2,2019,2,12
1374.6,2019,2,13
1373.2,2019,2,14
1381.2,2019,2,15
1324.65,2019,2,17
1324.35,2019,2,18
1403.9,2019,2,19
1406.7,2019,2,20
1388,2019,2,21
1392.5,2019,2,22
1389,2019,2,25
1387.9,2019,2,26
1380.5,2019,2,27
1374,2019,2,28
1358.3,2019,3,1
1346.3,2019,3,4
1343.5,2019,3,5
1346.5,2019,3,6
1344.9,2019,3,7
1358.5,2019,3,8
1350,2019,3,11
1356.6,2019,3,12
1368.1,2019,3,13
1352.9,2019,3,14
1360.6,2019,3,15
1359.4,2019,3,18
1364.7,2019,3,19
1359.5,2019,3,20
1364.5,2019,3,21
1368.2,2019,3,22
1378.1,2019,3,25
1369.3,2019,3,26
1407.5,2019,3,27
1348,2019,3,28
1354.1,2019,3,29
1342.7,2019,4,1
1340.8,2019,4,2
1344,2019,4,3
1343.5,2019,4,4
1345.2,2019,4,5
1351.9,2019,4,8
1358.4,2019,4,9
1363.9,2019,4,10
1356.6,2019,4,11
1346.3,2019,4,12
1342.4,2019,4,15
1329.1,2019,4,16
1327.6,2019,4,17
1326.9,2019,4,18
1277.9,2019,4,19
1328.5,2019,4,22
1323.8,2019,4,23
1329.9,2019,4,24
1330.2,2019,4,25
1339.2,2019,4,26
1331.6,2019,4,29
1335.7,2019,4,30
1334.2,2019,5,1
1323,2019,5,2
1331.7,2019,5,3
1334,2019,5,6
1335.8,2019,5,7
1338,2019,5,8
1335.1,2019,5,9
1337.2,2019,5,10
1350.2,2019,5,13
1343.4,2019,5,14
1344.5,2019,5,15
1333.1,2019,5,16
1322.5,2019,5,17
1324.2,2019,5,20
1320.1,2019,5,21
1321.3,2019,5,22
1328.4,2019,5,23
1329.2,2019,5,24
1284.2,2019,5,26
1284.25,2019,5,27
1322.6,2019,5,28
1327.8,2019,5,29
1332.4,2019,5,30
1342.9,2019,5,31
1356.5,2019,6,3
1366.5,2019,6,4
1376.6,2019,6,5
1370,2019,6,6
1388.5,2019,6,7
1378,2019,6,10
1369,2019,6,11
1373.8,2019,6,12
1378.3,2019,6,13
1389.2,2019,6,14
1379.7,2019,6,17
1379.7,2019,6,18
1382.1,2019,6,19
1419.1,2019,6,20
1444,2019,6,21
1439.1,2019,6,24
1461.3,2019,6,25
1441.9,2019,6,26
1465,2019,6,27
1451,2019,6,28
1444,2019,7,1
1428.6,2019,7,2
1465.5,2019,7,3
1421.25,2019,7,4
1428,2019,7,5
1436.9,2019,7,8
1430.6,2019,7,9
1450.5,2019,7,10
1461.4,2019,7,11
1450.9,2019,7,12
1452.3,2019,7,15
1453.4,2019,7,16
1455,2019,7,17
1464.4,2019,7,18
1483.3,2019,7,19
1466,2019,7,22
1458.6,2019,7,23
1467.2,2019,7,24
1465.1,2019,7,25
1460.4,2019,7,26
1461.7,2019,7,29
1469,2019,7,30
1460.5,2019,7,31
1450.8,2019,8,1
1476.2,2019,8,2
1487.4,2019,8,5
1507.2,2019,8,6
1510.6,2019,8,7
1533,2019,8,8
1542.8,2019,8,9
1536,2019,8,12
1556.2,2019,8,13
1538.5,2019,8,14
1553,2019,8,15
1557.4,2019,8,16
1543.9,2019,8,19
1530.2,2019,8,20
1532.7,2019,8,21
1534.3,2019,8,22
1539,2019,8,23
1584.5,2019,8,26
1566.2,2019,8,27
1572.3,2019,8,28
1571.9,2019,8,29
1564.1,2019,8,30
1535.25,2019,9,1
1537.95,2019,9,2
1562.8,2019,9,3
1582.7,2019,9,4
1579.5,2019,9,5
1551,2019,9,6
1540.1,2019,9,9
1531.9,2019,9,10
1528.8,2019,9,11
1530.4,2019,9,12
1543.4,2019,9,13
1542.6,2019,9,16
1538.8,2019,9,17
1538.9,2019,9,18
1528.8,2019,9,19
1537.8,2019,9,20
1556.6,2019,9,23
1560.1,2019,9,24
1572,2019,9,25
1538.9,2019,9,26
1538.3,2019,9,27
1533,2019,9,30
1502.6,2019,10,1
1512.8,2019,10,2
1536.8,2019,10,3
1541.3,2019,10,4
1538.9,2019,10,7
1524.2,2019,10,8
1539.7,2019,10,9
1548,2019,10,10
1533.7,2019,10,11
1529,2019,10,14
1522.9,2019,10,15
1515.5,2019,10,16
1519.9,2019,10,17
1526.1,2019,10,18
1524.9,2019,10,21
1517.3,2019,10,22
1522,2019,10,23
1524.3,2019,10,24
1548.8,2019,10,25
1552,2019,10,28
1524.2,2019,10,29
1520.8,2019,10,30
1527,2019,10,31
1542.1,2019,11,1
1544.8,2019,11,4
1522.8,2019,11,5
1534.7,2019,11,6
1530,2019,11,7
1500.5,2019,11,8
1494,2019,11,11
1487.8,2019,11,12
1489.9,2019,11,13
1495.1,2019,11,14
1496.3,2019,11,15
1498.4,2019,11,18
1511.5,2019,11,19
1505.5,2019,11,20
1505.5,2019,11,21
1497.7,2019,11,22
1490.9,2019,11,25
1484.3,2019,11,26
1489.2,2019,11,27
1463.25,2019,11,28
1488,2019,11,29
1494,2019,12,2
1491.1,2019,12,3
1515.9,2019,12,4
1513.8,2019,12,5
1509.6,2019,12,6
1493.2,2019,12,9
1490.6,2019,12,10
1500,2019,12,11
1511.2,2019,12,12
1493,2019,12,13
1505.4,2019,12,16
1505.8,2019,12,17
1506.4,2019,12,18
1505.4,2019,12,19
1515.8,2019,12,20
1510.7,2019,12,23
1518.6,2019,12,24
1504.4,2019,12,25
1544.2,2019,12,26
1540.7,2019,12,27
1543.9,2019,12,30
1546.7,2019,12,31
1520.85,2020,1,1
1548.7,2020,1,2
1591,2020,1,3
1608.2,2020,1,6
1602.6,2020,1,7
1612.6,2020,1,8
1583,2020,1,9
1577.6,2020,1,10
1586.8,2020,1,13
1573.2,2020,1,14
1587.8,2020,1,15
1580.4,2020,1,16
1578.6,2020,1,17
1557.4,2020,1,19
1557.2,2020,1,20
1595,2020,1,21
1583.1,2020,1,22
1585,2020,1,23
1595,2020,1,24
1616.8,2020,1,27
1606.7,2020,1,28
1594.5,2020,1,29
1601.6,2020,1,30
1599.7,2020,1,31
1606,2020,2,3
1606.2,2020,2,4
1579.4,2020,2,5
1580.7,2020,2,6
1591,2020,2,7
1606.7,2020,2,10
1606.7,2020,2,11
1590.8,2020,2,12
1607.9,2020,2,13
1601,2020,2,14
1585.5,2020,2,16
1586.15,2020,2,17
1617.3,2020,2,18
1639.8,2020,2,19
1641.4,2020,2,20
1672.3,2020,2,21
1707.4,2020,2,24
1681,2020,2,25
1677.6,2020,2,26
1679,2020,2,27
1595.2,2020,2,28
1602.5,2020,3,2
1606.5,2020,3,3
1664.2,2020,3,4
1655.7,2020,3,5
1696,2020,3,6
1709.9,2020,3,9
1675.9,2020,3,10
1670,2020,3,11
1654.3,2020,3,12
1591,2020,3,13
1567.3,2020,3,16
1503,2020,3,17
1520.6,2020,3,18
1520,2020,3,19
1518.6,2020,3,20
1560,2020,3,23
1594.6,2020,3,24
1650.9,2020,3,25
1674.3,2020,3,26
1647.1,2020,3,27
1646.9,2020,3,30
1625.3,2020,3,31
1594.4,2020,4,1
1636.4,2020,4,2
1639,2020,4,3
1685.3,2020,4,6
1688.8,2020,4,7
1690.1,2020,4,8
1747.5,2020,4,9
1740.6,2020,4,10
1732.5,2020,4,13
1779.1,2020,4,14
1760.7,2020,4,15
1746,2020,4,16
1717.8,2020,4,17
1715.6,2020,4,20
1722.2,2020,4,21
1709.5,2020,4,22
1753.1,2020,4,23
1759,2020,4,24
1746.7,2020,4,27
1731.8,2020,4,28
1727.6,2020,4,29
1706.4,2020,4,30
1720.1,2020,5,1
1729.1,2020,5,4
1725.8,2020,5,5
1728.4,2020,5,6
1718.9,2020,5,7
1747.8,2020,5,8
1727.7,2020,5,11
1733.2,2020,5,12
1729.1,2020,5,13
1747.1,2020,5,14
1776.2,2020,5,15
1795.4,2020,5,18
1784.2,2020,5,19
1784,2020,5,20
1780.1,2020,5,21
1773.5,2020,5,22
1735.45,2020,5,24
1730.55,2020,5,25
1762.9,2020,5,26
1725,2020,5,27
1748.8,2020,5,28
1748.2,2020,5,29
1775.5,2020,6,1
1774.5,2020,6,2
1760,2020,6,3
1747.6,2020,6,4
1741.7,2020,6,5
1739.4,2020,6,8
1755.2,2020,6,9
1760.9,2020,6,10
1784.1,2020,6,11
1780.4,2020,6,12
1770.3,2020,6,15
1770,2020,6,16
1768.2,2020,6,17
1775,2020,6,18
1767,2020,6,19
1787,2020,6,22
1803,2020,6,23
1806.5,2020,6,24
1800,2020,6,25
1798.2,2020,6,26
1816.5,2020,6,29
1816.9,2020,6,30
1830,2020,7,1
1799,2020,7,2
1786.9,2020,7,3
1825.8,2020,7,6
1833.9,2020,7,7
1851.8,2020,7,8
1871.9,2020,7,9
1853.7,2020,7,10
1857.3,2020,7,13
1850,2020,7,14
1862.3,2020,7,15
1856,2020,7,16
1840.6,2020,7,17
1862,2020,7,20
1867.6,2020,7,21
1909.5,2020,7,22
1923.3,2020,7,23
1981.6,2020,7,24
1964.8,2020,7,27
2008.1,2020,7,28
2001,2020,7,29
2016,2020,7,30
2005.2,2020,7,31
2026.9,2020,8,3
2024.6,2020,8,4
2098.5,2020,8,5
2086.7,2020,8,6
2121.7,2020,8,7
2068.7,2020,8,10
2045,2020,8,11
1992,2020,8,12
1996.1,2020,8,13
2000,2020,8,14
1981.7,2020,8,17
2055,2020,8,18
2040,2020,8,19
1968.2,2020,8,20
1982.3,2020,8,21
1962.5,2020,8,24
1958.3,2020,8,25
1992,2020,8,26
1961,2020,8,27
1990,2020,8,28
1991.1,2020,8,31
2018.6,2020,9,1
1975.8,2020,9,2
1962,2020,9,3
1956.6,2020,9,4
1941.9,2020,9,6
1940.7,2020,9,7
1957.5,2020,9,8
1952.9,2020,9,9
1971.1,2020,9,10
1980,2020,9,11
1974.1,2020,9,14
1986.1,2020,9,15
1989.1,2020,9,16
1970.8,2020,9,17
1974.2,2020,9,18
1945.5,2020,9,21
1937.9,2020,9,22
1919.4,2020,9,23
1879.9,2020,9,24
1885.1,2020,9,25
1883.7,2020,9,28
1907.4,2020,9,29
1925.1,2020,9,30
1927.6,2020,10,1
1929.6,2020,10,2
1946.5,2020,10,5
1937.2,2020,10,6
1918.1,2020,10,7
1902.8,2020,10,8
1930.5,2020,10,9
1953.5,2020,10,12
1939.9,2020,10,13
1929.4,2020,10,14
1923.2,2020,10,15
1934.4,2020,10,16
1941.9,2020,10,19
1922.9,2020,10,20
1925.1,2020,10,21
1940.5,2020,10,22
1926.3,2020,10,23
1919,2020,10,26
1921.4,2020,10,27
1909.7,2020,10,28
1907.6,2020,10,29
1900.5,2020,10,30
1920.9,2020,11,2
1912.6,2020,11,3
1936.7,2020,11,4
1948.4,2020,11,5
1975.1,2020,11,6
1896.8,2020,11,9
1900.1,2020,11,10
1886.5,2020,11,11
1897.5,2020,11,12
1894.9,2020,11,13
1920,2020,11,16
1906.2,2020,11,17
1894.5,2020,11,18
1873.3,2020,11,19
1889.7,2020,11,20
1850.1,2020,11,23
1826.6,2020,11,24
1835.9,2020,11,25
1806.25,2020,11,26
1836.7,2020,11,27
1791.4,2020,11,30
1837.8,2020,12,1
1848.5,2020,12,2
1859.6,2020,12,3
1853.7,2020,12,4
1884.3,2020,12,7
1877,2020,12,8
1883.1,2020,12,9
1866.3,2020,12,10
1848.9,2020,12,11
1853.7,2020,12,14
1849,2020,12,15
1877.9,2020,12,16
1907.8,2020,12,17
1905,2020,12,18
1920,2020,12,21
1898.4,2020,12,22
1890.3,2020,12,23
1888.9,2020,12,24
1906.1,2020,12,28
1893.2,2020,12,29
1913.9,2020,12,30
1919.9,2020,12,31
1901.6,2021,1,1
1940,2021,1,4
1965.3,2021,1,5
1971.7,2021,1,6
1944.2,2021,1,7
1935.8,2021,1,8
1873.4,2021,1,11
1862.2,2021,1,12
1875.1,2021,1,13
1856.6,2021,1,14
1847.8,2021,1,15
1826.8,2021,1,17
1809.65,2021,1,18
1838.8,2021,1,19
1880.3,2021,1,20
1876.5,2021,1,21
1852.9,2021,1,22
1879.2,2021,1,25
1871.1,2021,1,26
1863.6,2021,1,27
1855.9,2021,1,28
1862.3,2021,1,29
1876.5,2021,2,1
1865.2,2021,2,2
1845.5,2021,2,3
1840,2021,2,4
1813,2021,2,5
1843.1,2021,2,8
1859,2021,2,9
1865.5,2021,2,10
1845,2021,2,11
1835.8,2021,2,12
1822.45,2021,2,14
1820.9,2021,2,15
1819.8,2021,2,16
1780,2021,2,17
1785.4,2021,2,18
1777.2,2021,2,19
1797,2021,2,22
1809.6,2021,2,23
1819.7,2021,2,24
1802.1,2021,2,25
1737,2021,2,26
1749.8,2021,3,1
1737.2,2021,3,2
1728.8,2021,3,3
1723.5,2021,3,4
1700,2021,3,5
1718.5,2021,3,8
1728.3,2021,3,9
1726.6,2021,3,10
1745.7,2021,3,11
1733.5,2021,3,12
1738.5,2021,3,15
1748.9,2021,3,16
1752,2021,3,17
1763.5,2021,3,18
1752.4,2021,3,19
1746.5,2021,3,22
1738,2021,3,23
1742.4,2021,3,24
1745.1,2021,3,25
1742.1,2021,3,26
1741.9,2021,3,29
1696.4,2021,3,30
1688.4,2021,3,31
1732,2021,4,1
1735.3,2021,4,5
1738.1,2021,4,6
1751.5,2021,4,7
1757.3,2021,4,8
1755.1,2021,4,9
1740.4,2021,4,12
1752,2021,4,13
1755,2021,4,14
1778.8,2021,4,15
1771.5,2021,4,16
1780.1,2021,4,19
1787.8,2021,4,20
1806,2021,4,21
1806.4,2021,4,22
1786.4,2021,4,23
1788.3,2021,4,26
1786.9,2021,4,27
1779.9,2021,4,28
1770.1,2021,4,29
1775.6,2021,4,30
1783,2021,5,3
1790.8,2021,5,4
1789.1,2021,5,5
1805.8,2021,5,6
1830.9,2021,5,7
1852,2021,5,10
1845.2,2021,5,11
1835.8,2021,5,12
1824,2021,5,13
1849.5,2021,5,14
1863,2021,5,17
1880,2021,5,18
1883,2021,5,19
1883.5,2021,5,20
1887.8,2021,5,21
1894.8,2021,5,24
1909,2021,5,25
1916,2021,5,26
1910.6,2021,5,27
1911.1,2021,5,28
1907.6,2021,5,30
1906.8,2021,5,31
1916.5,2021,6,1
1904.3,2021,6,2
1919.4,2021,6,3
1906.4,2021,6,4
1895.1,2021,6,7
1913.5,2021,6,8
1901,2021,6,9
1896.7,2021,6,10
1905,2021,6,11
1878.7,2021,6,14
1875.2,2021,6,15
1870.7,2021,6,16
1822.3,2021,6,17
1786.4,2021,6,18
1782.4,2021,6,21
1795.5,2021,6,22
1787.8,2021,6,23
1784.5,2021,6,24
1795,2021,6,25
1781,2021,6,28
1787,2021,6,29
1773.6,2021,6,30
1777.7,2021,7,1
1786.1,2021,7,2
1788,2021,7,4
1786.5,2021,7,5
1799.4,2021,7,6
1810.9,2021,7,7
1808.9,2021,7,8
1810.3,2021,7,9
1816.9,2021,7,12
1821,2021,7,13
1824,2021,7,14
1838.9,2021,7,15
1831.2,2021,7,16
1814.4,2021,7,19
1823.4,2021,7,20
1810.6,2021,7,21
1807.7,2021,7,22
1812.3,2021,7,23
1815.6,2021,7,26
1802.7,2021,7,27
1811.6,2021,7,28
1835.5,2021,7,29
1837.1,2021,7,30
1816,2021,8,2
1818.7,2021,8,3
1822,2021,8,4
1818.8,2021,8,5
1807,2021,8,6
1771,2021,8,9
1744.4,2021,8,10
1731,2021,8,11
1761.5,2021,8,12
1760.9,2021,8,13
1788.3,2021,8,16
1795.3,2021,8,17
1792.9,2021,8,18
1788,2021,8,19
1791.2,2021,8,20
1785.4,2021,8,23
1810.6,2021,8,24
1801.8,2021,8,25
1798.5,2021,8,26
1806.4,2021,8,27
1826.4,2021,8,30
1825.3,2021,8,31
1819.5,2021,9,1
1820.5,2021,9,2
1819.7,2021,9,3
1832.2,2021,9,5
1829.95,2021,9,6
1833.7,2021,9,7
1802.2,2021,9,8
1794,2021,9,9
1810,2021,9,10
1794.5,2021,9,13
1799,2021,9,14
1809.9,2021,9,15
1796,2021,9,16
1762.5,2021,9,17
1758,2021,9,20
1766.7,2021,9,21
1780.4,2021,9,22
1773.9,2021,9,23
1757,2021,9,24
1763.3,2021,9,27
1753,2021,9,28
1740.7,2021,9,29
1731.7,2021,9,30
1760.6,2021,10,1
1768.2,2021,10,4
1768.1,2021,10,5
1760.4,2021,10,6
1764.9,2021,10,7
1764.1,2021,10,8
1758.6,2021,10,11
1760.3,2021,10,12
1767.9,2021,10,13
1799.3,2021,10,14
1802.5,2021,10,15
1776,2021,10,18
1780.6,2021,10,19
1777.4,2021,10,20
1790.5,2021,10,21
1793,2021,10,22
1799.3,2021,10,25
1812,2021,10,26
1799.5,2021,10,27
1805.8,2021,10,28
1806,2021,10,29
1786,2021,11,1
1798,2021,11,2
1790,2021,11,3
1783.1,2021,11,4
1797.5,2021,11,5
1823.2,2021,11,8
1831.4,2021,11,9
1838.7,2021,11,10
1855.9,2021,11,11
1869.9,2021,11,12
1872.6,2021,11,15
1871,2021,11,16
1857.1,2021,11,17
1877,2021,11,18
1866.8,2021,11,19
1849,2021,11,22
1813.5,2021,11,23
1796.2,2021,11,24
1789.8,2021,11,25
1795,2021,11,26
1797,2021,11,29
1788.8,2021,11,30
1781.2,2021,12,1
1785.1,2021,12,2
1774.5,2021,12,3
1787.3,2021,12,6
1785.9,2021,12,7
1790,2021,12,8
1788,2021,12,9
1780.6,2021,12,10
1788.4,2021,12,13
1791,2021,12,14
1777.2,2021,12,15
1786.2,2021,12,16
1803.5,2021,12,17
1804.1,2021,12,20
1794.9,2021,12,21
1794.5,2021,12,22
1808.9,2021,12,23
1810.1,2021,12,24
1812.3,2021,12,27
1817,2021,12,28
1810.2,2021,12,29
1809.7,2021,12,30
1822,2021,12,31
1833.2,2022,1,3
1808.5,2022,1,4
1818.3,2022,1,5
1814.7,2022,1,6
1794.8,2022,1,7
1799.2,2022,1,10
1805.3,2022,1,11
1825.7,2022,1,12
1830.1,2022,1,13
1828.9,2022,1,14
1816.4,2022,1,16
1815.85,2022,1,17
1820.9,2022,1,18
1818.7,2022,1,19
1844.1,2022,1,20
1844.4,2022,1,21
1837.5,2022,1,24
1848,2022,1,25
1854.5,2022,1,26
1824.5,2022,1,27
1801.6,2022,1,28
1795.4,2022,1,31
1800.9,2022,2,1
1803,2022,2,2
1809.9,2022,2,3
1808.6,2022,2,4
1810.9,2022,2,7
1824.5,2022,2,8
1830,2022,2,9
1837.2,2022,2,10
1830.4,2022,2,11
1866.7,2022,2,14
1876.3,2022,2,15
1858.6,2022,2,16
1875,2022,2,17
1905,2022,2,18
1900.8,2022,2,20
1907.8,2022,2,21
1904.7,2022,2,22
1904.1,2022,2,23
1915.1,2022,2,24
1909.5,2022,2,25
1921,2022,2,28
1912.2,2022,3,1
1949.5,2022,3,2
1934.2,2022,3,3
1942.1,2022,3,4
1981.3,2022,3,7
2004.1,2022,3,8
2060.2,2022,3,9
1996.9,2022,3,10
2004.6,2022,3,11
1993.5,2022,3,14
1958.7,2022,3,15
1924.9,2022,3,16
1933.4,2022,3,17
1947.9,2022,3,18
1927.4,2022,3,21
1941,2022,3,22
1926.3,2022,3,23
1948.9,2022,3,24
1963.2,2022,3,25
1962.5,2022,3,28
1927.2,2022,3,29
1924,2022,3,30
1937.3,2022,3,31
1942.4,2022,4,1
1927.1,2022,4,4
1937.3,2022,4,5
1927.6,2022,4,6
1928.1,2022,4,7
1934.3,2022,4,8
1949.6,2022,4,11
1957.4,2022,4,12
1970.5,2022,4,13
1981.6,2022,4,14
1978.5,2022,4,18
1981.2,2022,4,19
1952.1,2022,4,20